Atomic Radius(Atomic unit),Expansion Coefficient,Electron Affinity(-ive),Conductivity,Yield Strength,Outcome
1.2,0,73,1.2,1213.355372,2
1.32,0.006,17,21.84,136.8095238,1
1.33,0.008,16,28.14,179.3623188,1
1.34,0.008,16,55.2,57.60716656,1
1.32,0.008,16,47.76,59.91304348,1
1.34,0.01,26,0,2397.196262,3
1.34,0.013,29,0,2547.169811,3


1.22,0.003,86,3.18,68.55284553,3
1.51,0.001,64,52.44,241.0596026,2
1.5,0.001,64,59,106.0662252,2
1.31,0.008,28,18.06,67.83065693,1
1.31,0.006,28,8.1,240.9468085,1
1.3,0.004,21,18.17,584.1407407,1
1.3,0.004,19,20.01,790.566416,1
1.3,0.005,24,22.89,681.7028986,1
1.31,0.003,18,33.36,499.6575758,2
1.3,0.006,23,16.72,279.2209302,1
1.3,0.005,29,13.26,255.4385965,1
1.29,0.004,30,17.85,615.8769231,3
1.28,0.003,26,11.39,236.780303,1
1.28,0.003,34,10,1039.812834,3

1.24,0,86,1.2,11.328,3
1.24,0,86,1.92,23.05511811,3

1.32,0.001,29,46.2,577.7408638,2
1.32,0,26,30,550,1
1.32,0.002,26,56.25,374.4708995,1
1.32,0.004,22,43.47,434.0434783,1
1.32,0.001,29,43.79,181.2587413,1
1.2,0.001,28,73.78,110,1
1.2,0.002,28,39.68,154.3167104,1
1.2,0.007,27,89.54,132.4675325,1
1.15,0.005,23,63.92,140.0376648,1
1.14,0.005,24,51.84,148.8888889,1
1.15,0.004,22,70.56,159.4537815,1
1.15,0.005,27,28.52,122.0892857,1
1.14,0.007,28,26.84,89.83333333,1
1.14,0.009,27,32.4,135.5294118,1
1.16,0.005,40,21.28,67.12598425,1
1.16,0.005,40,20.52,45.44,1
1.22,0.003,22,66.88,228.9377289,1
1.22,0.003,21,73.79,192.3076923,1
1.22,0.008,17,108.29,121.984127,1
1.22,0.006,20,105.5,153.614889,1
1.22,0.006,22,116.2,652.3041475,1
1.58,0.008,27,25.33,116.4705882,1
1.58,0.008,29,16.64,113.5174419,1
1.56,0.012,43,91.02,514.5676692,1
1.56,0.011,34,17.82,751.3786765,2
1.5,0,61,3.1,26.16883117,2
1.48,0,70,1.53,5.44,3
1.49,0,57,15.36,36.29801325,2
1.49,0,58,17.16,36.29801325,2
1.46,0.006,39,4.4,34.15384615,1
1.48,0.005,41,5.12,18.57142857,1
1.44,0.007,33,6.82,92.36842105,1
1.46,0.005,39,4.68,38.03870968,1
1.46,0.005,39,4.16,26,1

1.36,0.005,24,16.8,15.88781431,1
1.41,0.005,25,20.1,26.46527778,1
1.5,0.004,40,4.56,16.71428571,1
1.38,0.004,44,11.9,50.43396226,1
1.4,0.004,34,12.36,138.1935484,1
1.4,0.004,34,12.36,138.1935484,1
1.44,0.005,46,10.4,45.7875,1
1.44,0.005,45,9.2,51.75,1

1.4,0,53,19.35,312.707483,1
1.4,0.004,52,33.63,474.6122449,1
1.4,0.003,56,22.65,256,1
1.54,0.004,65,12.06,64.22641509,2

1.45,0.002,36,19.04,195.9533333,1
1.45,0.001,34,37.91,88.92,1
1.45,0.005,35,40.47,134.9933775,1
1.45,0.002,34,44.03,91.124,1
1.45,0.003,40,25.76,46.77106637,1
1.45,0.002,41,18.96,47.91946309,1
1.45,0.002,43,0,104.3088608,1
1.45,0.001,41,12.54,140.060241,1
1.45,0.001,40,1.32,149.9818182,1
1.45,0.002,41,42.12,161.4448052,1
1.39,0,38,19.95,72.04927536,1
1.39,0,62,8.05,41.0625,1
1.39,0,51,15.62,247.6873563,2
1.39,0.002,64,2.6,337.0700637,2
1.48,0,67,1.96,3.451986755,2
1.48,0,70,1.59,7.706666667,2
1.48,0,68,1.35,7.06401766,3

1.48,0,58,4.75,37.54966887,1
1.48,0,63,3.52,18.69757174,2
1.48,0,60,2.4,28.02597403,2
1.48,0,61,3.15,26.16883117,2
1.25,0.002,19,12.92,54.67669173,1
1.25,0.002,25,19.72,186,1
1.25,0.002,24,23.36,47.15277778,1
1.25,0.002,24,27.68,64.42105263,1

1.25,0,22,30.02,58.69473684,1
1.25,0.003,22,48.16,193.4222222,1
1.25,0,22,51.09,213.64817,1
1.25,0.006,22,25.41,89.82421875,1
1.25,0.006,20,17.75,141.253937,1
1.25,0,25,28.95,68.34645669,1
1.25,0.002,23,9.68,156.121875,1
1.29,0.001,34,21.93,47.02773723,1
1.29,0.005,35,13.13,57.35802469,1
1.29,0.006,38,15,33.54850746,1
1.29,0.009,22,0,376.118068,1
1.29,0.007,22,0,501.0714286,1
1.23,0.007,26,83.42,952.8761062,3
1.23,0.004,30,6.38,93.24074074,1
1.23,0.004,29,4.29,96.94623656,1
1.23,0.005,24,2.73,109.9093333,1
1.23,0.005,47,8.14,69.02137233,1
1.23,0.005,50,2.48,71.93877551,1
1.23,0.005,45,3.8,75.225,1
1.23,0.006,33,6.11,294.5931759,1
1.23,0.007,28,6.3,217.8318841,2

1.58,0,54,4.8,43.4,1

1.58,0,56,5.16,129.5853659,1

1.59,0.008,61,3.44,17.62650602,1
1.59,0.01,58,3.95,26.43975904,1

1.59,0.01,58,3.9,26.6,1

1.59,0.009,58,4,158.5862069,2
1.59,0.006,57,4.05,60.89285714,1
1.54,0.002,44,52.6,127.037037,1
1.54,0.002,48,11.43,115.5368098,2
1.54,0.003,44,71.4,140.4458599,1
1.43,0.003,50,20.28,51.26148649,1
1.43,0.002,50,3.96,71.71006711,1
1.43,0.001,51,19.8,30.6122449,1
1.49,0.003,51,18.8,91.28571429,1
1.49,0,51,9.54,70.5,1
1.48,0.006,54,6.3,22.18923933,1
1.48,0.003,57,4.8,14.43137255,1
1.48,0.004,55,6.24,13.83006536,1
1.4,0.004,41,14.11,105.547619,1
1.25,0.006,31,14.69,244.6969697,1
1.25,0.008,34,16.06,75.703125,1
1.23,0.005,38,7.92,86.07421875,1
1.23,0.006,39,7.12,24.91338583,1
1.23,0.006,38,7.2,43.875,1
1.23,0.006,34,2.97,112.375,1
1.23,0.006,33,3.06,59.8125,1
1.23,0.006,36,3.33,123.1496063,1
1.23,0.007,35,2.88,120.5669291,1
1.22,0.006,32,10.68,193.8214286,1
1.22,0.006,32,9.24,107.0436508,1
1.22,0.004,31,9.84,38.9047619,1
1.34,0.001,56,133.76,1313.093525,1
1.34,0.001,53,187.59,1313.093525,1
1.34,0.002,67,38.7,217.5766423,1
1.34,0.001,67,19.08,71.8053528,1
1.16,0.003,46,3.85,16.40983607,1
1.16,0.004,43,4.48,22.21487603,1
1.16,0.005,48,3.3,11.21311475,1
1.19,0.004,29,13.78,92.85907859,1
1.19,0.003,30,15.08,74.28726287,1
1.19,0.004,31,14.69,27.85772358,1
1.19,0.005,31,14.98,69.93925759,1
1.19,0.003,34,15.4,41.6875,1
1.19,0.005,30,18,153.8444444,1
1.19,0.008,26,21.15,118.272,1
1.21,0.003,33,12.35,101.1811688,1
1.2,0.007,27,28.6,88.80378788,1
1.38,0.005,35,23.85,317.2264257,1
1.31,0,37,6.08,227.8571429,1
1.32,0.006,38,27.56,186.5142857,1
1.32,0.003,31,25.92,719.0674847,1
1.32,0.008,36,52.02,630.858209,1
1.32,0.005,49,46.6,73.57333333,1
1.38,0.004,43,12.43,40.16037736,2
1.38,0.006,43,11.6,44.62264151,2
1.38,0.004,32,11.7,207.2903226,1
1.38,0.004,45,12.3,56.73820755,2
1.44,0.004,44,9.52,41.765625,2
1.44,0.003,49,6.86,63.3744856,2
1.44,0.005,46,9.2,53.14285714,2
1.5,0.006,56,3.95,35.59493671,2
1.5,0.007,54,3.85,22.47133758,1
1.5,0.005,57,3.85,49.3081761,2

1.45,0.002,49,4.2,119.3037975,1
1.2,0,53,8.54,23.37127371,1
1.2,0,51,11.84,20.86451613,1
1.2,0,56,4.25,25.32786885,1

1.2,0,51,5.18,18.6097561,1

1.2,0,55,13.59,43.21935484,1
1.2,0,53,12.24,69,1
1.24,0.002,46,6,26.79389313,1

1.25,0.001,48,3.92,17.26315789,1
1.25,0,51,2.94,14.92537313,1
1.25,0.002,50,2.25,31.60714286,1
1.25,0,47,4.88,38.34586466,1
1.27,0.001,61,5.3,48.73106061,1
1.27,0.002,58,4.15,73.67156863,1
1.27,0,63,5.65,21.22307692,2
1.27,0,61,6.9,31.59160305,2
1.27,0.001,54,15.6,63.15217391,1
1.27,0,53,14.32,97.88235294,1
1.29,0,52,8.05,16.23880597,1
1.29,0,55,3.75,13.73134328,1
1.29,0,47,15.57,33.6318408,1
1.29,0,44,4.8,64.96240602,1
1.29,0,53,3.18,20.48395062,1
1.29,0,56,3.7,13.73134328,1
1.27,0,48,15.4,160.4776119,1
1.27,0,48,16.39,240.7164179,1
1.27,0,47,13.86,160.969697,1
1.23,0,52,12.32,24.72527473,1
1.23,0,55,6.23,44.23846154,1
1.23,0,50,11.04,54.20930233,1
1.23,0,55,6.02,44.23846154,1
1.23,0,49,11.04,54.20930233,1
1.23,0,49,11.04,54.20930233,1
1.21,0,56,6.3,49.34366925,1


1.25,0.001,67,1.47,12.77777778,2

1.25,0.001,70,2.84,20.2176,2
1.25,0.002,66,2.68,39.31147541,2
1.23,0.001,67,7.56,18.85714286,2
1.23,0,70,4.15,20.06031746,2
1.28,0.004,43,35.53,91.65217391,1
1.28,0.008,48,11.7,99.71223022,1
1.51,0.002,56,1.9,54.34375,1
1.51,0.003,50,0.63,80.01533742,1
1.51,0,64,1.84,24.09493671,2
1.48,0.003,61,3.7,35.2012987,2
1.3,0.006,67,7.15,17.62237762,2
1.3,0.003,57,8.58,69.88721805,1
1.3,0,53,3,35.50819672,1
1.3,0.002,51,5.46,81.42857143,1
1.27,0.007,14,20.79,367.4692308,1
1.27,0.008,12,19.38,306.8604651,1
1.27,0.005,16,0,700.7118881,1
1.27,0.008,13,4.94,195.4122137,1
1.27,0.013,13,32.32,556.0930233,1
1.27,0.005,22,18.45,58.13134328,1
1.27,0.006,23,19.8,60.10493827,1
1.27,0.006,24,26.86,62.71819646,1
1.27,0.006,22,26.35,82.91849148,1
1.27,0.005,21,21.08,24.14885496,1
1.28,0.006,30,17.04,275.8752688,2
1.24,0.004,46,9.3,57.67164179,1
1.24,0.006,45,8.28,48.89552239,1
1.26,0.003,48,4.48,113.1925926,1
1.26,0.003,49,6.79,105.7835821,1
1.24,0.007,34,3.1,273.9692308,1
1.24,0.006,34,0.9,65.49618321,1
1.23,0.001,41,14.74,18.06012885,1
1.23,0,32,18.59,66.88,1
1.23,0,44,5.04,9.44921875,1
1.23,0.002,37,11.52,102.6377953,1
1.23,0,41,9.54,28.91929134,1
1.23,0.004,54,4.2,26.07751938,1
1.23,0.003,50,3.8,38.36220472,1
1.2,0.009,50,12.96,105.5230596,1
1.2,0.01,56,7.83,49.5,1
1.18,0.01,41,14.5,166.344086,1
1.33,0.003,46,16.94,95,1
1.33,0,45,16.11,67.61764706,1
1.28,0.003,44,8.36,47.41605839,1
1.43,0,67,3,31.16778523,2
1.43,0,74,1.47,6.651214128,2
1.44,0,61,4.75,22.56944444,2
1.44,0,58,5.28,22.56944444,1
1.44,0,75,1.2,4.736842105,2
1.44,0,65,3.44,47.06756757,2
1.42,0,61,8.54,12.9837963,2
1.42,0,51,23.64,23.3006993,1
1.42,0,57,11.6,15.55555556,1
1.46,0,66,6.4,28.5,2
1.46,0,74,6.7,41.625,2

1.48,0,75,0.58,6.812080537,3
1.48,0,70,1.14,12.97333333,3
1.48,0,72,1.29,12.97333333,2
1.44,0,75,1.12,14.90410959,2
1.44,0,77,0.76,5.671232877,2
1.44,0,71,2.04,17.30821918,2
1.45,0,75,2.34,16.15068493,2
1.45,0,77,1.16,18.42857143,2
1.45,0,74,2.55,48.45205479,2
1.45,0,77,1.16,18.42857143,2
1.32,0,61,2.28,16.67647059,2
1.41,0,71,4.32,56.0625,2
1.41,0,77,0.96,8.565517241,3
1.46,0,69,5.5,21.55263158,2
1.46,0,76,1.32,8.046357616,2
1.46,0,65,4.75,14.25,2
1.46,0,72,2.07,7.094594595,2
1.46,0,77,1.71,5.918367347,2
1.46,0,68,2.16,36.75675676,2
1.5,0,74,1.92,5.42218543,2
1.5,0,79,0.56,4.867549669,3
1.44,0,74,1.92,5.42218543,2
1.5,0,79,0.56,4.867549669,3

1.5,0,73,2.19,7.346578366,2
1.35,0,56,16.4,36.74383803,2
1.35,0,62,3.45,31.88425926,3
1.35,0,62,3.45,31.88425926,3
1.35,0,54,16.7,77.57260274,2
1.44,0,76,4.24,39.39041096,2
1.44,0,75,1.26,7.401360544,2
1.46,0,84,0.58,9.523809524,3
1.46,0,77,0.92,11.4965035,2
1.46,0,78,0.86,11.33793103,2
1.46,0,79,0.86,11.33793103,2

1.44,0,76,4.24,39.39041096,2
1.44,0,79,2.37,38.90410959,3
1.46,0,81,0.78,24.39726027,3
1.37,0,64,5.45,80.83916084,2
1.37,0,64,3.44,39.75172414,2
1.37,0,65,3.24,36.43835616,2
1.33,0,73,0.66,7.762962963,3
1.33,0,75,0.58,6.792592593,3
1.33,0,73,1.08,7.762962963,3
1.33,0,73,1.05,7.762962963,3
1.39,0,75,3.68,18.4893617,2
1.39,0,77,1.06,15.21678322,2
1.39,0,78,0.84,10.37588652,2
1.39,0,77,0.86,10.37588652,2
1.39,0,76,1.83,15.43262411,2
1.41,0.001,78,0.94,12.09090909,2
1.41,0.002,78,0.96,9.51048951,2
1.41,0,75,1.38,8.559440559,2
1.4,0,77,0.74,7.661971831,3
1.4,0,78,0.68,7.716312057,3
1.4,0,69,2.49,19.98591549,2
1.4,0,67,2.84,108.1560284,2
1.4,0,61,11.16,78.07092199,2
1.3,0,59,4.9,44.3221831,2
1.3,0,46,19.44,47.5,1
1.33,0.003,60,5.7,29.56521739,2
1.33,0.002,54,8.16,58.70503597,1
1.33,0.003,64,2.56,7.062043796,2
1.33,0.004,69,1.68,11.29927007,2
1.35,0.002,67,1.65,5.927007299,2
1.35,0.001,69,1.17,8.671532847,3
1.35,0.002,70,1.05,8.671532847,3
1.35,0.003,61,4.75,22.70364964,2
1.35,0.002,63,1.6,7.766423358,2
1.35,0.002,65,2,7.055961071,2
1.33,0.003,61,3.9,15.05882353,2
1.38,0.001,64,2.8,100.0965517,2
1.38,0,68,2.16,39.11111111,2
1.38,0.002,55,6.51,51.86013986,1
1.38,0.002,60,3.4,99.44827586,2
1.38,0,66,2.72,40.21875,2
1.38,0.002,60,4.35,56.03009259,2
1.41,0.002,60,2.24,89.57142857,2
1.41,0.002,53,5.2,38.52197802,2
1.41,0,46,3.19,55.92857143,1
1.41,0.001,59,3.05,89.57142857,2
1.41,0.001,56,3.7,81.19736842,2
1.41,0.002,50,3.87,50.04351939,1
1.29,0.003,41,3.19,942.3855634,1
1.31,0.003,37,5.18,841.9256757,1
1.31,0,44,3.68,2263.392857,1
1.33,0,48,4.41,76.64233577,1
1.29,0.003,36,26.85,798.6963513,1
1.29,0.005,36,0,2068.455621,1
1.29,0.003,37,10.32,1069.5,1
1.29,0,39,12.87,309.1240876,1
1.29,0.002,37,15.73,1359.722222,1
1.29,0.003,36,13.16,570.7692308,1
1.43,0.001,59,4.9,18.12244898,1
1.43,0,70,1.59,12.19863014,2
1.43,0.002,46,10.62,52.93959732,1
1.43,0.001,56,7.32,42.92789116,1
1.43,0.001,63,4.95,18.24657534,2
1.43,0.002,51,10.48,35.53153153,1
1.48,0,65,2.68,37.71974522,2

1.5,0,47,16.94,84.04458599,2

1.5,0,47,7.81,95.1133758,1

1.5,0,73,4.32,182.6129032,2
1.5,0,70,6.16,269.6419355,2
1.5,0,78,0.96,10.36129032,2
1.5,0,76,1.62,10.36129032,2
1.5,0,76,1.04,55.5483871,2

1.47,0.001,66,2.96,80,2

1.47,0,63,3.24,79.46308725,1
1.35,0.001,59,5.58,78.10874704,1
1.35,0,55,4.44,48.77659574,1
1.35,0,63,2.7,61.38461538,2
1.37,0.001,68,2.32,40.625,2
1.37,0,74,1.2,24.71830986,3
1.37,0.002,63,3.9,48.15924658,2
1.37,0,70,1.88,82.46153846,2
1.43,0.003,65,7.98,18.73972603,2
1.43,0.003,64,6.96,18.09037901,2
1.43,0.002,65,4.6,20.46206897,2
1.43,0.002,65,7.74,38.43493151,2
1.56,0.005,53,6.48,35.4689441,1
1.56,0.005,53,15.76,76.86956522,1
1.2,0.003,40,9.23,89,1
1.21,0.001,39,8.58,97.36363636,1
1.21,0.001,39,8.97,75.35820896,1
1.21,0.002,39,9,55.6952381,1
1.25,0,41,13.68,78.8649635,1
1.25,0,37,19.52,277.0746269,1
1.25,0,44,6.93,43.01199041,1
1.51,0.006,63,10.66,270.4326923,2
1.51,0.008,60,3.06,190,2
1.51,0.006,64,3.3,170.4545455,2
1.51,0.008,61,13.65,260.0806452,2
1.51,0.006,57,73.84,229.906051,2
1.51,0.006,53,62.06,338.7237537,2
1.42,0.001,55,20.15,61.02040816,1
1.42,0.001,55,13,56.95238095,1
1.44,0,60,5.1,154.295302,2

1.44,0,58,3.9,169.9470199,2
1.42,0,68,2.01,14.26573427,2
1.42,0,69,1.95,13.41258741,2
1.42,0,68,2.01,14.26573427,2
1.35,0,59,3.3,27.9020979,1
1.35,0,58,4.8,28.29787234,1
1.35,0,59,4.25,16.14285714,1
1.35,0,58,2.34,27.70833333,1
1.27,0.004,43,35.15,91.65217391,1
1.33,0.002,55,4.6,40.1459854,1
1.33,0.003,58,4.45,20.0729927,1
1.33,0.001,53,5.94,20.0729927,1
1.31,0.005,34,41.8,467.0510949,1
1.41,0.001,42,27.9,100.1644737,1
1.41,0,45,17.71,368.4210526,1
1.41,0.002,46,8.16,108.0684932,1
1.2,0.002,62,3.16,60.81967213,1
1.2,0,69,2.1,8.950413223,2
1.2,0.003,56,4.4,117.7777778,1
1.2,0.001,51,14.43,77.52325581,1
1.2,0.002,53,8.08,162.1272321,1
1.44,0.001,78,6.6,50.74285714,2
1.44,0.001,83,1.74,17.29655172,3
1.44,0.002,84,1.71,17.29655172,3
1.44,0.002,84,1.65,17.29655172,3
1.51,0,81,2.64,28.88888889,3
1.51,0,81,2.56,25.49019608,3

1.5,0.001,81,2.84,37.8807947,3
1.5,0,80,3.4,126.4313725,3

1.45,0.001,62,5.05,205.7432432,2
1.45,0,66,3.08,19.93288591,2
1.45,0.001,60,3.75,172.5,2
1.45,0,57,3.65,239.8791946,1
1.4,0.001,60,8.96,29.6713615,2
1.4,0,64,3.8,17.98309859,2
1.39,0,55,7.12,38.87755102,2
1.39,0,54,8.46,74.94369369,2
1.43,0.001,61,8.64,17.03013699,2
1.43,0,64,2.6,8.031034483,2
1.27,0,35,6.12,256.9452736,1
1.27,0,35,3.72,248,1
1.27,0,33,8.97,399.1578947,1
1.27,0,34,4.32,245.9333333,1
1.2,0.001,35,27.36,309.4363057,1
1.2,0,33,28.08,397.1752137,1
1.2,0.001,36,1.89,205.9104187,1
1.2,0.002,36,19.62,294.3708333,1
1.27,0.002,35,12.54,148.3162991,1
1.27,0.002,38,10.08,374.7966903,1
1.3,0.001,32,22.8,108.3870968,1
1.3,0.002,34,6.3,138.3870968,1
1.3,0,31,36.4,80.12820513,1
1.3,0.001,34,11.76,114.9677419,1
1.31,0.001,29,17.76,125.2739314,1
1.31,0.001,31,22.72,123.0026846,1
1.3,0.004,36,38.95,186.1948052,1
1.3,0.006,34,36.12,325.0860927,1
1.28,0.004,40,13.97,198.1953782,1
1.28,0.004,39,15.36,174.7055556,1

1.57,0.002,50,3.36,179.7289157,1
1.57,0.001,48,3.71,251.6204819,1
1.57,0.003,49,2.31,176.2650602,1
1.54,0.003,48,5.18,148.5,1
1.54,0.002,45,2.8,222.4666667,1
1.54,0.003,56,5.52,80.37037037,1
1.54,0,56,3.24,49.11111111,2
1.3,0.005,43,5.1,158.4,1
1.3,0.004,46,5.52,239.7314149,1
1.3,0.005,42,3.7,304,1
1.3,0.004,43,4.1,320.9589041,1
1.26,0.004,41,13.91,84.03007519,1
1.26,0.005,42,11.7,87.02985075,1
1.26,0.003,40,13.75,57.77099237,1
1.26,0,40,11.11,49.84615385,1
1.58,0.002,41,11.88,157.7111111,1
1.58,0.003,41,0,225.7377049,1
1.58,0.003,40,0,339.7849462,1
1.58,0,42,2.52,200.6264045,1
1.42,0.002,36,4.75,198.6315789,1
1.42,0.003,38,0,128.6235795,1
1.42,0.002,38,0,290.1818182,1
1.42,0,32,0,189.1555556,1
1.42,0,32,4.96,265.965,1
1.42,0.004,38,0,149.8305085,1
1.37,0,59,10.72,35.12068966,1
1.37,0,60,7.86,63.11111111,2
1.37,0,63,3.75,31.77622378,2
1.38,0,52,14.8,26.39160839,1
1.38,0,55,4.69,26.57746479,1
1.43,0,65,8.94,45.8630137,2
1.43,0,66,6.75,34.39726027,2
1.43,0,65,5.2,21.43448276,2
1.45,0.001,51,6.96,65.04458599,1

1.4,0.001,52,12.96,29.91253644,1
1.4,0.002,53,10.36,41.42465753,1
1.45,0,66,2.96,12.65306122,2
1.45,0.002,70,1.59,13.23809524,2
1.45,0,63,4.16,12.96938776,2
1.38,0.005,59,2.45,29.18918919,2
1.41,0.003,58,4.05,41.24137931,1
1.41,0.003,61,2.76,17.42758621,2
1.41,0.004,60,3.9,43.83561644,2
1.36,0.006,35,168.72,642.1827815,1
1.36,0.004,35,25.48,323.9057239,1
1.4,0.008,35,146.5,187.2972973,1
1.4,0.008,35,92.4,138.1507382,1
1.4,0.008,38,187.38,271.3576159,1
1.4,0.008,38,75.95,227.7241379,1
1.3,0.003,40,79.17,248.3478261,1
1.3,0.005,36,21.75,305.347548,1
1.3,0.004,35,32.48,378.4122137,1
1.3,0,37,5.4,227.8571429,1
1.28,0.01,37,44.8,244.8234281,1
1.28,0.01,46,24.36,100.1953125,1
1.28,0.012,30,46.19,385.546875,1
1.28,0.011,28,68,505.8461538,1
1.28,0.005,45,29.12,134.3209877,1
1.28,0.004,43,9.75,112.0300752,1
1.28,0.007,50,11.21,105.75,1
1.28,0.008,42,10.8,116.697995,1
1.28,0.008,36,51.68,630.858209,1
1.28,0.007,39,51.03,209.2307692,1
1.28,0.006,36,77.9,666,1
1.28,0.007,36,70.3,650.5820106,1
1.28,0.007,37,107.83,787.8,1
1.28,0.003,34,78.4,924.5153374,1
1.28,0.008,38,38.48,263.144186,1
1.28,0.007,39,44.46,162.4935065,1
1.36,0,69,13.76,77.20851064,1
1.2,0.004,41,10.12,303.2874016,1
1.2,0.003,45,8.96,35.03571429,1
1.2,0.003,37,10.56,65.11627907,1
1.2,0.004,41,10.89,237.2916667,1
1.2,0.003,40,8.7,448,1
1.2,0.004,42,9.4,262.8751406,1
1.2,0.003,42,14.19,80.30769231,1
1.2,0.003,45,8.91,22.86206897,1
1.2,0.006,40,15.4,101.6198347,1
1.2,0.004,36,20.25,398.1226667,1
1.2,0.004,38,20.54,42.20138889,1
1.2,0.003,38,20.8,62.77892562,1
1.2,0.006,35,16.32,426.0822511,1
1.2,0.009,35,22.35,764.9611511,1
1.2,0.008,35,3.36,589.1180124,1
1.2,0.004,37,16.95,760.5,1
1.48,0.003,77,4.8,43.92156863,1
1.48,0.004,79,4,36.60130719,2

1.48,0.005,77,5.1,59.33774834,3
1.48,0.005,78,5,59.33774834,2
1.48,0.004,75,6.42,29.66887417,2
1.44,0.002,73,5.58,74.59354839,1
1.44,0.002,76,7.08,131.6903226,2
1.44,0.001,71,2.16,116.0344086,1
1.44,0.001,73,3.64,102.3694268,1
1.44,0,67,8.73,59.19463087,1
1.47,0.003,71,6.65,329.0314465,1
1.47,0.003,67,8.72,660.3821656,1
1.48,0.004,73,6.93,358.9433962,1
1.44,0.003,34,31.68,146.7019868,1
1.44,0.002,36,16.1,293.93,1
1.44,0.002,35,44.46,94.81677704,1
1.44,0.002,33,36.55,106.5470199,1
1.43,0.003,39,16,54.4,1
1.46,0.001,41,51.87,113.8248848,1
1.46,0.001,40,48.64,167.2580645,1
1.46,0.002,40,52.2,111.1863057,1
1.46,0.002,41,1.4,234.7276423,1
1.42,0.002,30,107.01,375,1
1.42,0,40,11.88,94.03061224,1
1.42,0.003,45,9.57,175.8157895,1
1.42,0.004,45,5.4,129.7594937,1
1.42,0.002,43,7.52,25.33561644,1
1.33,0.004,36,85.56,289.4894366,1
1.33,0.003,38,48.5,331.787234,1
1.3,0.003,45,81.2,540.8759124,1
1.3,0.004,46,70,511.7697842,1
1.32,0,37,40.8,142.1818182,1
1.2,0.002,46,28.5,106.1587302,1

1.34,0.003,47,0,276.0784314,1
1.34,0.004,48,0,224.516129,1
1.44,0,51,23.87,41.50689906,2
1.44,0,47,10.88,35.05263158,2
1.44,0,62,3.05,10.50322581,2
1.43,0,50,13.42,39.11073826,1
1.43,0,57,6.24,48.34666667,1
1.43,0,56,5.34,27.79555556,1
1.43,0,44,14.82,54.59459459,1
1.38,0,45,12.8,56.31034483,1
1.38,0,42,13.6,79.38194444,1
1.38,0,38,19.8,63,1
1.38,0,38,23.64,90,1
1.36,0,40,44.62,176.0027586,1
1.36,0,46,8.97,38.77040816,1
1.23,0.001,73,1.56,16.128,3
1.23,0,76,0.66,10.46774194,3
1.23,0.004,60,6.24,26,2
1.23,0.001,74,1.77,23.11111111,2
1.23,0.001,72,1.95,23.48387097,2
1.23,0,70,1.77,48.87096774,2
1.23,0,73,0.87,4.32,3
1.23,0,74,0.84,4.32,3

1.23,0,70,1.32,16.72,3
1.23,0,71,1.23,16.85483871,3
1.3,0.005,22,14.08,31.39658849,1
1.3,0.005,23,15.36,35.20987654,1
1.3,0.005,22,10.08,28.65671642,1
1.3,0.004,24,9.12,62.22222222,1
1.3,0.005,21,10.22,88.57894737,1
1.3,0.005,23,7.41,28.65671642,1
1.28,0.006,23,0,789.9428571,2
1.38,0.005,57,12.46,484.6376812,2
1.38,0.005,57,13.26,399.4160584,2
1.38,0.003,60,7.5,360.5742857,2
1.38,0.005,61,10,271.4,2
1.38,0.003,62,4.05,46.01408451,2
1.38,0.005,65,2.8,12.11267606,2
1.38,0.006,58,7.59,337.0212766,2
1.41,0.001,54,8.55,210.8843537,1
1.41,0.001,56,7.65,478.7755102,1
1.41,0,47,7.76,100.8979592,1
1.41,0.002,62,3.9,85.5704698,2
1.4,0.002,57,4.42,297.4850299,1
1.4,0.001,57,12.87,326.6272189,1
1.4,0,55,0,564.6706587,1
1.4,0,59,0,1364.733728,1
1.4,0,56,0,495.8083832,1
1.4,0,58,5.04,323.5739645,1
1.42,0.004,50,28.56,46.16326531,1
1.42,0.003,54,6.6,42.44897959,1
1.4,0.004,34,118.32,129.9189189,1
1.32,0.004,35,0,1171.153846,3
1.32,0.002,37,0,1354.488312,3
1.33,0.007,27,22.2,491.0144928,1
1.33,0.007,26,20.64,311.0719424,1
1.33,0.005,29,20.28,113,1
1.33,0.008,26,22.72,288.057554,1
1.33,0.007,28,15.52,262.8510638,1
1.33,0.004,21,36.11,584.1407407,2
1.33,0.004,18,58.05,725.7871901,3
1.33,0.003,25,22.61,313.3913043,1
1.33,0.005,24,28.14,560.0845411,1
1.33,0.005,29,16.15,209.3834586,1
1.33,0.005,35,7.02,119.4285714,1
1.33,0.006,24,10.83,323.5015385,1
1.33,0.005,32,13.44,215.3333333,1
1.31,0.003,29,16.2,347.8660714,3
1.31,0.003,34,8.36,1009.694118,3
1.3,0.004,25,15.77,138.0400763,2
1.3,0.003,29,17.16,601.9672131,3
1.31,0.002,61,23.37,288.5107564,3
1.31,0,80,2.28,563.5,3
1.3,0,80,2.22,514.0983607,3
1.3,0,80,0,620.6,3
1.33,0.007,60,6.93,25.79104478,2
1.33,0.007,64,1.48,11.28358209,3
1.3,0.008,54,5.22,25.97014925,1
1.3,0.007,55,3.8,18.50746269,1
1.26,0.005,56,3.75,23.2,1
1.26,0.003,56,3.35,24.27906977,1
1.26,0.004,41,54.18,113.6363636,1
1.26,0.005,41,36.38,104.1666667,1
1.2,0.005,43,25.76,61.15384615,1
1.32,0.006,55,4.98,138.9928058,1
1.32,0.006,52,4.92,68.02816901,1
1.32,0.006,58,3.9,64.47761194,1
1.32,0.005,64,2.52,10.0075188,2
1.32,0.005,51,8.61,50.88129496,1
1.29,0.005,64,2.12,20.56060606,2
1.29,0.004,65,1.56,6.734848485,3
1.43,0,65,1.95,21.3877551,2
1.43,0,70,1.53,12.47297297,2
1.42,0,55,7.32,26.04081633,1
1.28,0.003,52,4.02,47.00719424,1
1.28,0.003,54,3.9,62.67625899,1
1.29,0.002,55,6.18,41.84285714,2

1.2,0.004,50,5.04,180.48,1
1.2,0.005,50,4.27,248.16,1
1.2,0.004,53,4.86,35.264,1
1.2,0.005,45,6.96,486.0952381,1
1.2,0.005,51,4.5,70.528,1
1.24,0.008,41,12.09,80.3053716,1
1.29,0.003,44,5.2,183.8184932,1
1.29,0.004,40,10.5,72.75666667,1
1.29,0.007,40,11.9,61.77336277,1
1.23,0.004,39,44.73,84.78405316,1
1.23,0.003,39,24,62.11538462,1
1.2,0.002,41,55.44,209.3293651,1
1.2,0,39,33.63,126.9767442,1
1.39,0.003,54,5.11,133.9795918,1
1.39,0.004,61,2.56,15.85135135,2
1.42,0.005,28,13.02,373.192446,1
1.42,0.003,14,0,353.8819876,1
1.42,0.005,23,6.84,324.4444444,1
1.42,0.005,29,7.56,278.4172662,1
1.42,0.007,25,7.75,427.9457769,1
1.34,0,79,1.1,16,2
1.34,0,81,0.98,15.17647059,3
1.34,0,83,0.7,10.51470588,3
1.34,0,79,1.1,16,3
1.3,0,56,3.6,52.08333333,1
1.3,0,56,3.75,26.98863636,1
1.3,0,59,2.72,78.94736842,1
1.3,0,59,2.64,29.82954545,1
1.29,0,47,24.09,95.5959596,1
1.29,0,48,10.08,106.5,1
1.29,0,61,6.48,51.10633727,1

1.29,0,61,2.68,106.2428571,1
1.29,0,61,2.32,100.9784173,1

1.29,0,59,17.46,25.26520681,1
1.41,0,67,3.68,38.18181818,2
1.41,0,76,0.86,11.32394366,2
1.41,0,61,2.12,12.10344828,2
1.35,0,67,1.84,18.44927536,3
1.35,0,68,1.17,9.637681159,3
1.34,0,81,0.26,2.933823529,3
1.34,0,80,0.26,2.933823529,3
1.3,0,78,0.4,7.424242424,3
1.3,0,74,1,32.0610687,2
1.3,0,79,0.34,5.816793893,3
1.3,0,75,0.63,16.03053435,2
1.37,0.001,77,1.32,52.24113475,2
1.37,0.001,75,1.38,21.77142857,2
1.37,0.001,75,1.4,21.77142857,2
1.37,0.001,75,1.42,21.92805755,2
1.28,0,73,1.46,80.72180451,2
1.28,0,73,2.13,40.97709924,2
1.28,0,78,1.36,23.98888889,2
1.28,0,74,1.38,40.66666667,2
1.33,0,69,4,53.76642336,2
1.33,0,72,2.64,54.11764706,2
1.17,0,53,8.4,23.37127371,1
1.17,0,51,10.64,20.86451613,1
1.23,0,52,12.32,24.72527473,1
1.23,0,52,11.44,31.98461538,1
1.23,0,56,5.18,54.8759542,1
1.23,0,50,13.32,31.35824176,1
1.23,0,50,13.32,31.35824176,1
1.46,0.005,55,5.74,78.12,1
1.46,0.005,52,6.88,147.8145695,1
1.46,0.006,49,7.83,182.2516556,1
1.46,0.004,64,2.88,17.35333333,2
1.46,0.003,66,2.8,34.96,2
1.46,0.003,65,2.8,34.47682119,2
1.46,0.003,65,2.8,34.47682119,2
1.46,0.005,65,2.64,12.92982456,2

1.46,0.005,65,2.8,12.34210526,2
1.46,0.006,65,2.96,53.24503311,2
1.46,0.005,27,12.16,307.4648276,1
1.46,0.005,28,20.91,361.2785388,1
1.46,0.001,50,5.46,65.73248408,1
1.46,0.001,53,4.1,34.86075949,1
1.46,0.001,53,4.1,34.86075949,2
1.46,0.003,42,7.5,426.4615385,1
1.46,0.002,61,2.72,20.29299363,2
1.46,0.002,53,5.67,93.89423077,2
1.46,0.003,37,9.36,565.1538462,1
1.46,0.004,38,8.28,464.0506329,1
1.46,0.004,31,9.75,1753.230769,1
1.46,0.003,28,10.24,357.218543,1
1.46,0.004,28,9.38,274.8344371,1
1.46,0.004,28,9.38,234.1721854,1
1.52,0.002,60,3.2,43.2,2
1.52,0.002,59,4.55,43.2,1
1.52,0.003,61,2.44,18.275,2
1.52,0.002,60,2.84,18.275,2
1.52,0.004,62,1.56,9.5,2
1.52,0.005,60,1.6,12.1875,2
1.52,0.003,61,2.32,12.5625,3
1.52,0.002,61,2.68,15.759375,3

1.52,0.005,58,3.55,46.41719745,1
1.52,0.005,55,4.02,60.15189873,1
1.52,0.004,59,4.75,30.11320755,2
1.52,0.004,58,3.75,62.65822785,1
1.52,0.004,57,4.08,55.34810127,1
1.52,0.002,61,1.7,47.77689873,2
1.52,0.007,56,4.08,77.42307692,1
1.52,0.005,57,4.35,15.66149068,1
1.28,0.003,23,11.04,329.6527778,1
1.28,0.002,16,12.21,215.0073529,1
1.28,0.002,20,34.32,1023.661972,1
1.28,0.003,26,12.54,1130.890411,1
1.38,0.005,45,4.55,20.83687943,1
1.38,0.005,45,4.69,20.83687943,2
1.38,0.004,46,5.46,23.44148936,1
1.38,0.003,42,6.24,20.69014085,1
1.38,0.004,42,5.04,31.03521127,1
1.38,0.003,44,3.06,17.3943662,2
1.38,0.003,43,3.24,17.3943662,1
1.38,0.003,39,8.4,14.49295775,1
1.38,0.004,39,8.72,14.39160839,1
1.38,0.003,40,8.64,14.39160839,1
1.38,0.004,41,8.24,28.08566434,1
1.38,0.004,41,8.24,28.08566434,1

1.38,0.004,39,7.28,21.06993007,1
1.38,0.001,41,5.46,22.87234043,1
1.38,0.002,44,3.5,14.53521127,1
1.42,0.004,45,6.23,45.20547945,1
1.42,0.004,43,7.68,45.20547945,1
1.42,0.004,44,8.88,82.28571429,1

1.42,0.004,39,10.8,136.3758389,1
1.42,0.004,46,4.13,46.10666667,1
1.42,0.004,36,12,27.71917808,1
1.42,0.005,44,4.97,8.198198198,1

1.42,0.003,38,10.26,163.6510067,1
1.42,0.004,49,4.26,15.86666667,1
1.42,0.006,43,5.04,8.198198198,1
1.42,0.007,44,5.11,15.67905405,1
1.36,0.005,42,2.8,63.33333333,1
1.36,0.007,42,3.01,63.33333333,1
1.36,0.004,42,3.15,47.83216783,1
1.36,0.005,42,3.15,20.84507042,1
1.36,0.005,44,2.87,44.95774648,1
1.36,0.005,44,4.97,23.95774648,1
1.35,0.005,42,6.8,18.99530516,1
1.35,0.006,41,7.6,28.49295775,1
1.36,0.005,40,8.24,44.625,1
1.36,0.006,39,10.08,108.5395683,1
1.36,0.005,37,10.89,45.19148936,1
1.36,0.004,37,10.53,53.88214286,1
1.36,0.007,39,11.34,21.47619048,1
1.36,0.005,36,9.36,25.68571429,1
1.36,0.005,37,7.92,19.48571429,1
1.36,0.004,39,5.28,14.5106383,1
1.36,0.002,44,3.71,11.4084507,1
1.36,0.006,45,2.58,9.031690141,1
1.36,0.005,51,3.1,14.0625,1
1.36,0.004,52,3.05,13.13103448,1
1.36,0.003,46,2.82,17.23943662,1
1.36,0.005,47,3.18,17.23943662,1
1.36,0.004,51,3.72,11.33333333,1
1.36,0.004,43,3.64,7.072769953,1
1.44,0.006,38,6.96,48.56375839,1

1.44,0.006,32,13.2,93.34228188,1

1.44,0.006,32,15.12,101.79,1
1.44,0.005,29,25.34,150.8,1
1.44,0.007,26,33.28,217.36,1
1.44,0.007,22,38.34,198.5306122,1
1.46,0.008,28,33.45,75.44,1
1.46,0.007,30,22.88,65.97972973,1
1.46,0.007,30,5.17,79.46938776,1
1.46,0.005,29,8.4,178.0939597,1
1.46,0.005,29,9.75,184.8,1
1.46,0.007,28,8.97,50.32258065,1
1.46,0.008,27,12.22,74.63694268,1
1.46,0,19,51,237.5856164,1
1.46,0.002,25,28,199.7368421,1
1.46,0.005,27,21.6,76.00645161,1
1.22,0.001,40,5.6,78.64516129,1
1.22,0.001,37,7.52,26.34677419,1
1.22,0.003,32,10.44,66.39784946,1
1.22,0.002,27,5.12,806.3414634,1
1.22,0.005,33,7.92,130.5,1
1.22,0.003,36,7.7,166.0909091,1
1.22,0.004,39,6.72,60.44628099,1
1.22,0.005,37,8,33.73809524,1
1.22,0.007,31,9.5,52.12903226,1
1.22,0.002,31,9.96,212.195122,1
1.22,0.002,31,11.44,119.516129,1
1.22,0.004,31,8.04,257.1380597,1
1.22,0.005,23,15.81,251.3114754,1
1.22,0.006,27,17.22,69.18237705,1
1.22,0.005,26,11.55,292.8387097,1
1.22,0.005,28,11.9,125.4200542,1
1.22,0.004,32,7.8,257.1380597,1
1.22,0.006,34,8.3,51.15422886,1
1.22,0.007,30,15.08,326.808,1
1.22,0.008,34,10.89,75.9375,1
1.22,0.005,26,15,195.3170732,1
1.26,0.007,25,26.28,171.5223881,1
1.26,0.005,30,12.96,98.30845771,1
1.26,0.008,33,13.7,78.67669173,1
1.26,0.007,34,13.32,77.03731343,1
1.26,0.008,34,15.2,107.3731343,1
1.36,0.006,56,8.14,163.1964286,1
1.36,0.002,66,2.24,21.46478873,2
1.36,0.005,61,4,9.087470449,2
1.36,0.005,54,7.35,46.2674772,1
1.36,0.002,54,4.75,306.3311258,1
1.36,0.002,24,0,468.7540984,3
1.38,0,46,3.9,202.4238411,1
1.42,0.005,32,18.98,140.6527778,1
1.42,0.007,30,24.08,119.6344828,1
1.42,0.001,45,8.88,43.96523179,1
1.42,0.001,39,8.16,15.94512772,1
1.42,0.004,34,21.56,76.08322148,1
1.42,0.002,31,28.92,234.0472973,1
1.36,0.006,35,9.12,169.7222222,1
1.36,0.003,37,10.32,469.3333333,1
1.36,0.007,35,12.65,216.5693431,1
1.36,0.008,32,22.75,116.7841502,1
1.36,0.008,32,16.77,238.3941606,1
1.36,0.008,33,10.4,197.1,1
1.36,0.008,33,17.28,145.8656934,1
1.33,0.008,20,58.5,359.3333333,1
1.33,0.006,20,49.95,408.0895522,1
1.33,0.007,35,35.1,105.3545735,1
1.33,0.002,33,17.92,185.7481752,1
1.33,0.001,37,18.98,264.2922794,1
1.33,0.005,27,32.04,240.5142857,1
1.33,0.004,28,24.32,211.0628571,1
1.33,0.004,29,39.78,103.2371946,1
1.33,0.003,27,34.68,99.45396825,1
1.33,0.007,37,32.01,62.21428571,1
1.33,0.008,41,28.9,49.275,1
1.33,0.001,44,14.24,172.5539568,1
1.31,0.006,29,7.56,503.4155844,1
1.31,0.008,25,9.36,563.8336887,1
1.31,0.005,32,4.14,1018.378446,1
1.31,0.004,39,2.5,296.358209,1
1.31,0.005,32,13.42,713.1678832,1
1.31,0.005,42,4.6,215.212766,1
1.31,0.007,40,5.39,230.626927,1
1.31,0.005,33,4.56,605.7625899,1
1.31,0.003,35,0,715.1830986,1
1.31,0.005,38,3.77,504.4366197,1
1.31,0.007,42,2.88,514.6126761,1

1.31,0.006,25,8.84,212.1151079,1
1.31,0.008,24,9.49,106.057554,1
1.31,0.006,28,6.02,47.60689655,1
1.31,0.005,29,5.85,62.9137931,1
1.31,0.005,23,9.9,115.4004474,1
1.31,0.003,25,9.1,164.9375,1
1.31,0.002,25,8.84,101.1914894,1
1.31,0.004,27,12.18,47.70456754,1
1.31,0.005,28,5.2,64.26810176,1
1.29,0.001,27,9.48,73.13432836,1
1.29,0,28,7.81,81.94029851,1
1.29,0.004,25,16.95,173.9599237,1
1.29,0.006,23,18.9,430.6382979,1
1.29,0.004,24,20.1,371.7391304,1
1.29,0.008,23,0.75,71.71448276,1
1.29,0.006,22,0.8,108.75,1
1.29,0.008,22,15.9,79.1369863,1
1.29,0.008,21,6.75,91.125,1
1.29,0.008,22,0,130.5,1
1.29,0.009,23,0,147,1
1.22,0.001,15,52.92,392.2439024,1
1.22,0.001,13,63.3,490.304878,1
1.22,0,13,66.56,685.0859504,1
1.22,0.002,17,32.34,520.9552846,1
1.22,0,12,91.08,616.2997658,1
1.39,0.005,33,14.08,144.5517241,1
1.39,0.005,34,15.51,48.375,1
1.39,0.003,41,6.56,75.88965517,1
1.39,0.004,34,8.1,37.68493151,1
1.39,0.005,39,6.08,126.6849315,1
1.39,0.005,38,6.39,158.3561644,1
1.39,0.005,37,10.14,99.42068966,1
1.39,0.003,38,11.7,75.46478873,1

1.35,0.007,29,13.52,43.34285714,1
1.35,0.007,28,13.58,51.42857143,1
1.35,0.008,27,11.9,108.2553191,1
1.35,0.006,26,13.13,98.22302158,1
1.35,0.007,26,9.6,204.4822695,1
1.35,0.008,23,15.84,168,1
1.35,0.006,27,8.7,167.9323944,1
1.35,0.006,23,14.28,131.0503597,1
1.35,0.005,24,9.75,214.7945205,1
1.35,0.005,25,11.5,118.5455782,1
1.35,0.003,24,19.65,103.125,1
1.35,0.003,23,14.56,163.7777778,1
1.36,0.005,23,14.16,166.6849315,1
1.36,0.005,22,16.56,117.4068966,1
1.35,0.003,25,13.35,165,1
1.35,0.005,26,5.1,121.0791367,1
1.25,0.004,32,6,77.44354839,1
1.25,0.004,35,6.21,25.6476378,1
1.25,0.004,37,5.68,20.09448819,1
1.25,0.004,38,4.96,49.58778626,1
1.25,0.005,38,5.36,22.51908397,1
1.25,0.003,37,6.96,32.77272727,1
1.25,0.004,38,7.2,27.51908397,1
1.25,0.004,37,6.4,53.46564885,1
1.25,0.003,38,7.04,32.77272727,1
1.25,0.004,38,7.6,27.51908397,1
1.25,0.006,36,5.85,79.00763359,1
1.25,0.004,37,5.36,26.13636364,1
1.25,0.007,33,5.94,148.7633588,1
1.25,0.004,32,6.3,219.2307692,1
1.25,0.004,28,9.48,117.1534091,1
1.25,0.005,26,10.4,156.2045455,1
1.27,0.006,33,6.7,200.5714286,1
1.27,0.007,34,6.1,735.0447761,1
1.27,0.007,30,9.38,115.5255474,1
1.27,0.009,32,7.7,577.6,1
1.27,0.007,22,47.67,305.4333333,1
1.27,0.007,21,54.78,332.1609023,1
1.27,0.008,18,47.75,218.9553719,1
1.27,0.007,20,42.46,305.7096774,1
1.27,0.009,17,10.36,303.3391304,1
1.27,0.007,17,10.36,180.4344828,1
1.27,0.008,32,7.5,727.3880597,1

1.27,0.005,19,57.73,606.528,1
1.27,0.005,19,58.42,246.796875,1
1.33,0.007,32,8.82,406.4214765,1
1.33,0.006,31,1.82,236.5269017,1
1.33,0.004,28,0,256.2974684,1
1.33,0.006,33,5.28,141.1535049,1
1.33,0.006,17,5.04,902.5942029,1
1.33,0.004,16,0,649.9705882,1
1.33,0.007,27,19.38,620.942029,1
1.33,0.007,31,18.2,307.3828571,1
1.36,0.006,36,6.96,407.5310345,1
1.36,0.007,31,11.2,362.0833333,1
1.37,0.007,27,16.16,592.8510638,1
1.37,0,20,0,1174.892308,1
1.34,0.01,26,27.18,402.4583942,1
1.34,0.005,31,20.44,374.8992806,1
1.34,0.007,25,18.62,501.9826087,1
1.34,0.006,14,0,975.9483204,1
1.41,0.006,36,12.74,91.26484018,1
1.41,0.007,28,19.89,90.24691358,1
1.41,0.007,25,22.68,100.8275862,1
1.22,0.003,21,29.34,224.503937,1
1.22,0.004,21,27.37,99.04761905,1
1.22,0.004,23,27.04,89.58661417,1

1.22,0.002,27,12.09,48.42857143,1

1.22,0.008,26,11.48,114,1
1.22,0.004,23,13.8,76.5483871,1
1.22,0.001,22,4.18,232.8358209,1
1.22,0.002,22,5.5,271.641791,1
1.23,0.002,22,14.74,97.7443609,1
1.23,0.002,24,3.74,231.1111111,1
1.22,0.003,21,26.82,70.86614173,1
1.22,0.003,22,28.26,44.22047244,1
1.22,0.004,22,26.46,50.29296875,1
1.22,0.004,22,28.26,42.56692913,1
1.22,0.003,21,25.33,312.8125,1
1.22,0,23,25.92,56.203125,1
1.22,0.003,19,27.83,193.78125,1
1.22,0.003,21,38.28,39.609375,1
1.22,0.002,19,35.4,86.88888889,1
1.22,0.003,21,37.62,36.83333333,1
1.22,0,17,37.6,171.6585366,1
1.22,0,18,36.86,115.2,1
1.22,0.004,21,25.2,83.22222222,1
1.22,0,20,20.58,87.48031496,1
1.22,0,20,24.84,132.7933884,1
1.22,0,19,28.69,131.704918,1
1.22,0,19,28.69,131.704918,1
1.22,0,19,28.69,131.704918,1
1.22,0,19,28.69,131.704918,1
1.22,0.001,25,13.02,157.5,1
1.22,0.001,26,12.74,101.76,1
1.22,0.006,21,24.31,124.32,1

1.22,0.001,25,12.35,102.5806452,1
1.22,0.005,21,23.8,124.32,1

1.22,0.005,25,11.2,36.03149606,1
1.22,0.002,25,12.45,36.31746032,1
1.22,0.003,27,10.53,32.19047619,1
1.22,0,29,10.2,44.15873016,1
1.22,0.004,22,20.7,307.2,1
1.22,0.005,22,22.95,176.9083969,1
1.22,0.004,20,46.02,248.8888889,1
1.22,0.008,18,48.6,196.4516129,1
1.22,0.009,16,80.85,357.9130435,1
1.22,0.011,13,89.68,357.9130435,1
1.22,0.007,16,67.32,208,1
1.22,0.011,17,62.56,141.7142857,1
1.22,0.006,27,11.77,114.0322581,1
1.22,0.006,30,8.36,72.54,1
1.22,0.004,27,12.12,64.5,1

1.22,0.005,27,12.36,49.86449864,1
1.22,0.005,26,12.74,119.0921409,1
1.22,0.005,22,12.58,361.8425197,1
1.22,0.006,21,11.39,334.3214286,1
1.22,0.005,24,15.9,594.0894309,1
1.22,0.007,21,10.64,496.4415954,1
1.22,0.007,21,13.6,434.1737288,1
1.22,0.006,18,16.72,165.4545455,1
1.22,0,21,18.05,367.5120968,1
1.22,0,26,7.84,224.4253731,1
1.22,0,24,13.44,344.9465649,1
1.22,0,25,16.35,115.037594,1
1.22,0,18,11.76,1744.55,1
1.22,0.003,16,14.85,1019.586207,1
1.22,0.003,13,1.2,336,1
1.22,0.002,13,2.1,287.1946903,1
1.22,0,23,16.49,150.1,1
1.22,0,25,14.56,122.7067669,1
1.27,0.007,22,0,377.915493,1
1.27,0.008,22,0,364.6232877,1
1.27,0.01,24,2.55,320.3070175,1
1.27,0.009,24,0,216.5844156,1
1.31,0.009,27,26.88,370.1923077,1
1.31,0.011,23,11.73,229.5652174,1
1.31,0.015,26,4.5,259.0519481,1
1.26,0.005,24,14.1,116.6956522,1
1.26,0.008,23,15.45,57.92805755,1
1.26,0.004,35,7.8,56.46666667,1
1.26,0.003,36,6.57,37.64444444,1
1.26,0.009,26,11.7,488.1984733,1
1.26,0.01,21,15.6,40.33846154,1
1.26,0.004,34,8.3,31.70149254,1
1.26,0.003,28,12.36,127.1679198,1
1.26,0.005,23,17.08,32.88372093,1
1.26,0.004,25,15.47,217.5384615,1
1.26,0.006,29,11.96,478.2142857,1
1.26,0.005,28,14.04,113.6875,1
1.26,0.005,27,7.28,243.3851852,1
1.26,0.006,25,8.82,190.2222222,1
1.26,0.01,27,8.19,132.9577114,1
1.26,0.007,30,5.16,156.5074627,1
1.26,0.007,30,5.04,156.5074627,1
1.26,0.01,29,5.76,49.46564885,1
1.2,0.009,49,13.68,24.29508197,1
1.2,0.012,51,7.98,66.39669421,1
1.2,0.012,53,7.28,26.52892562,1
1.2,0.008,47,9.8,44.912764,1
1.2,0.007,49,8.4,34.38016529,1
1.2,0.007,50,8.16,50.26666667,1
1.33,0.006,50,9.72,77.22627737,1
1.33,0.006,49,11.4,55.2919708,1
1.33,0.007,52,6.44,34.22826087,1
1.33,0.007,52,6.02,62.68613139,1
1.33,0.005,41,14.3,122.4305556,1
1.33,0.005,38,13.75,52.78389262,1

1.38,0.005,37,6.24,102.585034,1
1.33,0.006,50,9.04,26.0729927,1
1.33,0.006,53,6.86,13.92028986,1
1.43,0.005,44,13.42,48.32214765,1
1.43,0.005,37,9.5,57.58389262,1
1.43,0.005,44,8.46,26.97876448,1
1.43,0.006,43,5.31,45.18120805,1
1.43,0.008,47,7.63,57.96153846,1
1.43,0.008,48,7.42,49.37579618,1
1.43,0.006,63,3.25,7.135135135,2
1.36,0.006,46,5.92,64.0137931,1
1.36,0.008,45,5.12,25.8,1
1.36,0.006,48,6.58,105.1448276,1
1.36,0.003,47,9.54,32.00689655,1
1.37,0.005,59,3.55,43.22535211,1
1.37,0.004,61,2.36,13.94366197,2
1.37,0.005,61,2.04,10.3028169,2
1.37,0.006,63,1.92,10.3028169,2
1.37,0.005,62,2.16,10.3028169,2
1.37,0.007,60,2.32,20.6056338,2
1.35,0.007,58,3.05,12.86170213,1
1.35,0.007,59,3.05,14.87323944,1
1.35,0.007,54,4.5,40.11428571,1
1.35,0.005,51,5.34,101.6058394,1
1.35,0.007,52,5.88,80.8057554,1

1.35,0.007,48,5.67,35.49295775,1
1.35,0.006,50,1.26,65.40792541,1
1.35,0.007,47,8,132.7659574,1
1.35,0.007,47,10.64,93.23741007,1

1.25,0.005,40,5.67,80.40909091,1

1.26,0.005,34,9.18,87.40310078,1
1.26,0.004,32,10.08,80.5511811,1
1.25,0.005,31,13.75,32.61417323,1
1.25,0.008,32,14.3,28.91338583,1
1.25,0.004,30,12.1,143.4375,1
1.25,0.004,32,10.7,146.875,1
1.25,0.004,32,8.4,78.46875,1
1.25,0.004,36,9.6,156.9375,1
1.15,0.006,19,24.14,260.3801653,1
1.15,0.007,20,16.83,100.195122,1
1.15,0.008,20,5.95,65.728,1
1.15,0.006,23,16.2,153.7131148,1
1.15,0.005,20,23.8,216.9834711,1

1.15,0.005,22,19.8,266.7692308,1
1.12,0.004,24,13.65,179.1304348,1

1.12,0.006,24,8.32,168.9130435,1
1.12,0.006,25,9.49,168.9130435,1

1.12,0.004,23,16.9,109.4736842,1
1.2,0.003,20,9.86,164.808,1
1.18,0.003,26,15.4,103.2156863,1
1.18,0,24,12.07,152.862069,1
1.18,0.007,25,14.17,63.33833333,1
1.18,0.007,26,13.32,36.66666667,1
1.18,0.005,25,11.06,309.0731707,1
1.18,0.004,25,9.75,355.6451613,1
1.18,0.008,21,15.45,283.1818182,1
1.18,0.002,24,14.55,445,1
1.19,0.004,26,8.82,402.2857143,1
1.19,0.007,23,11.85,420,1
1.19,0.007,24,15.54,171.6666667,1
1.19,0.002,25,12.09,55.37634409,1

1.19,0.003,23,24.15,43.74603175,1
1.19,0.006,26,16.56,135.5409836,1
1.19,0.006,24,21.7,43.74603175,1
1.19,0.007,27,15.6,66.66115702,1
1.19,0.009,27,16.08,65.45454545,1
1.15,0.006,20,17.12,124.1898305,1
1.15,0.006,20,15.04,152.4793388,1
1.15,0.006,20,18.36,144.0813559,1
1.15,0.005,20,18.02,139.9034483,1
1.15,0.007,20,16.32,263.6271186,1
1.15,0.005,21,20.96,107.8947368,1

1.15,0.002,19,12.06,467.4380165,1

1.12,0.006,17,23.2,154.5945946,1
1.12,0.007,21,16.83,350.6086957,1
1.12,0.007,16,22.88,161.2,1
1.12,0.007,23,13.8,42.19827586,1
1.12,0.005,26,13.13,43.06034483,1
1.12,0.004,26,10.08,51.92307692,1
1.12,0.006,25,12.09,22.47457627,1
1.15,0.009,17,13.6,518.5434174,1
1.15,0.009,15,12.88,547.4,1
1.15,0.009,21,18.19,564.4,1
1.15,0.008,15,14.96,200.8695652,1
1.15,0.01,22,17.34,363.375,1
1.15,0.008,19,13.43,198.9837398,1
1.15,0.008,24,16.16,911.4418605,1
1.15,0.009,25,17.51,845.4461538,1
1.15,0.008,23,16.15,992.3863636,1
1.15,0.007,21,3.91,2912.820513,1
1.14,0.01,19,34.16,1524.933824,1
1.14,0.011,18,44.7,1040.734694,1
1.36,0.005,24,6.24,230,1
1.36,0.005,25,6.4,255.9701493,1
1.36,0.005,39,3.6,123.9276316,1
1.37,0.005,36,4.5,121.5604027,1
1.38,0.007,34,10.5,75.94520548,1
1.38,0.007,34,9.6,86.88493151,1
1.38,0.007,32,7.26,178.6416667,1
1.38,0.006,33,6.7,293.3576389,1
1.38,0.008,28,4.55,295.6521739,1
1.38,0.007,28,2.24,223.8031915,1
1.26,0.005,21,9.66,709.7130326,1
1.25,0.005,22,0,163.2691511,1
1.25,0.005,22,0,220.7844203,1
1.25,0.005,21,9.89,611.4285714,1
1.25,0.007,23,11.55,398.9507299,1
1.25,0.005,23,16.28,587.9055344,1
1.25,0.004,22,18.7,477.6293469,1
1.25,0.005,22,19.55,605.1682692,1
1.25,0.006,18,17.01,399.6900826,1
1.28,0.004,20,4.18,646.8270677,1
1.28,0.005,19,4.56,460.4673311,1
1.28,0.004,22,13.86,536.2846482,1
1.28,0.005,22,19.32,554.9145299,1
1.28,0.007,24,18,323.5941476,1
1.28,0.005,22,20.68,589.6978022,1
1.28,0.005,25,14.6,237.0515267,1
1.28,0.008,17,23.49,446.4936248,1
1.28,0.004,30,11.9,231.8174006,1
1.28,0.005,32,8.1,128.4444444,1
1.28,0.004,31,6.29,204.6410774,1
1.28,0.004,31,4.93,223.99071,1
1.28,0.003,30,7.22,246.2316176,1
1.28,0.003,27,2.09,297.6666667,1
1.28,0.004,21,11.96,584.1407407,1
1.28,0.003,14,0,578.3081897,1
1.28,0.005,22,14.52,629.7777778,1
1.28,0.004,22,22.08,468.945177,1
1.28,0.005,26,16.4,235.2556818,1
1.28,0.01,16,22.62,456.2672176,1
1.28,0.005,29,10.24,155.6578947,1
1.28,0.004,29,11.36,153.3834586,1
1.28,0.003,32,5.6,179.6848485,1
1.28,0.004,33,5.85,162.5128676,1
1.28,0.004,29,9.86,185.1948052,1
1.28,0.005,36,7.84,200.0057554,1
1.28,0.003,30,12,345.1694352,2
1.28,0.003,29,15.84,572.8168203,3
1.28,0.003,30,18.06,648,3
1.28,0.003,34,8.64,1200.158562,3
1.28,0.004,36,0,1117.594937,3
1.31,0.005,27,17.08,348.2627737,1
1.31,0.006,19,23.37,319.8461538,1
1.32,0.005,28,17.29,174.0289855,1
1.32,0.005,33,13.3,90.64748201,1
1.32,0.002,25,16.5,212.2571429,1
1.32,0.004,24,18,153.7751825,1
1.32,0.003,20,6.09,317.915493,1
1.32,0.003,19,9.2,327.7389277,1
1.32,0.003,21,12.6,214.084507,1
1.32,0,26,5.6,260.4081633,1
1.32,0.002,22,14.82,174.6253746,1
1.32,0.002,20,16.8,149.7619048,1
1.32,0.002,26,11.25,135.0422535,1
1.32,0.002,29,12.9,149.8104449,1
1.32,0.003,28,11.76,110.4891165,1
1.32,0.004,23,19.65,25.80869565,1
1.33,0.004,30,7.95,216.1990741,1
1.34,0.003,29,8.32,219.834965,1
1.34,0.004,28,10.45,297.3233766,1
1.34,0.002,30,7.68,245.4464789,1

1.44,0.008,61,3.04,18.37837838,2
1.21,0.005,32,2.6,355.1908397,1
1.21,0.006,27,3.96,151.9186047,1
1.21,0.009,24,7.35,416.7073171,1
1.21,0.01,21,5.51,487.4603175,1
1.21,0.008,24,6.97,274.8571429,1
1.21,0.007,25,6.08,653.3193277,1
1.21,0.006,25,6.6,387.6175214,1
1.21,0.007,26,1.54,273.1780627,1
1.21,0.003,24,0,1207,2
1.21,0.003,24,0,1207,1
1.21,0.008,27,6.16,264.8026316,1
1.21,0.008,28,7.98,444.7413793,1
1.21,0.009,34,6.93,276.6666667,1
1.21,0.007,28,7.28,280.5982906,1
1.21,0.009,37,6.6,270.7906977,1
1.21,0.009,39,7.74,500.9090909,1
1.21,0.008,37,6.75,618.0276923,1
1.21,0.01,41,5.28,404.6715328,1

1.42,0.006,59,2.52,40.02580645,2
1.42,0.006,58,2.44,20.01290323,2
1.42,0.007,49,5.22,956.4155844,1
1.42,0.008,41,6.36,3826.644295,1
1.42,0.008,41,6.44,1040.175,1
1.42,0.009,44,8.55,2215.816993,1
1.42,0.006,32,0,3147.112676,1
1.42,0.005,25,0,2433.157895,1
1.45,0.001,50,5.11,12.7016129,2
1.45,0.002,50,4.55,21.45833333,2
1.45,0.003,51,4.98,44.23529412,2
1.45,0.003,51,5.88,44.23529412,2
1.45,0.002,46,6.88,56.55844156,1
1.45,0.003,46,6.72,57.10526316,1
1.45,0.004,51,5.39,54.2961039,1
1.45,0.007,55,3.54,14.80529801,1
1.45,0.006,55,3.96,17.98410596,1
1.45,0.008,57,4.92,20.46,1
1.42,0.005,51,7.6,23.17880795,2
1.42,0.003,52,8.8,41.30065359,2
1.42,0.007,43,5.49,64.91111111,1
1.42,0.008,41,0.7,58.18421053,1
1.42,0.007,44,6.3,97.36666667,1
1.42,0.008,48,6.16,32.19463087,1
1.42,0.009,41,7.2,47.78807947,1
1.42,0.006,42,8.5,85.64238411,1
1.42,0.007,42,11.4,48.17449664,1
1.42,0.007,42,12.2,39.91610738,1
1.42,0.006,41,10.2,42.46308725,1
1.42,0.007,40,2.1,49.54026846,1
1.44,0.005,41,4.41,47.45454545,1
1.44,0.001,40,7.47,59.02782931,1
1.44,0.005,38,7,110.0129032,1
1.44,0.004,39,2.8,186.2420382,1

1.44,0.005,43,7.14,132.3076923,2
1.44,0.005,42,7,96.76923077,1
1.44,0.006,45,6.86,39.84076433,2
1.44,0.006,34,8.7,235.6363636,1
1.44,0.006,33,5.83,250.8387097,1
1.44,0.006,38,5.4,195.0967742,1
1.44,0.006,43,3.68,68.71794872,1
1.46,0.004,38,7.56,140.3181818,1
1.46,0.006,39,3.96,59.36538462,1
1.46,0.005,37,7.11,100.2272727,1
1.46,0.003,38,8.8,80.70588235,1

1.46,0.004,35,3.4,105.6774194,1

1.47,0.006,46,2.88,43.16981132,1
1.47,0.005,48,3.12,8.433962264,2
1.47,0.004,46,3.64,26.26415094,1
1.47,0.002,46,3.71,20.83018868,1
1.47,0.006,42,4.41,69.73584906,1
1.47,0.01,36,5.76,52.63291139,1
1.48,0.004,44,5.74,50.97435897,1

1.48,0.005,44,7.52,13.93037975,1
1.48,0.008,44,8.64,20.50632911,2
1.48,0.005,40,10.62,29.98481013,1
1.48,0.007,41,13.4,38.44936709,2
1.48,0.004,42,7.44,71.7721519,1
1.48,0.002,40,9.54,152.5641026,1
1.48,0.002,40,9.54,152.5641026,1
1.48,0.004,46,4.97,35.4375,1
1.48,0.007,37,14.3,101.7692308,1
1.48,0.005,50,2.45,11.325,1
1.48,0.005,50,2.35,9.50310559,2
1.48,0.006,51,2.4,10.38509317,1
1.48,0.006,51,2.25,7.701863354,2
1.48,0.007,51,2.64,6.136645963,1
1.48,0.007,51,2.58,12.35,1
1.48,0.005,27,19.5,95.85987261,1
1.48,0.009,21,27.9,185.2307692,1
1.48,0.005,36,7.52,51.26582278,1
1.48,0.003,38,10.98,38.73417722,2
1.48,0.007,42,4.97,128.7950311,1
1.48,0.005,37,5.68,139.3207547,1
1.48,0.008,44,4.38,9.202453988,2
1.48,0.008,44,4.14,17.48466258,2
1.49,0.009,37,7.26,60.400818,2
1.49,0.007,36,9.38,86.11042945,2
1.49,0.009,34,6.89,65.39634146,1
1.49,0.01,29,3.06,138.9104991,1
1.49,0.011,30,2.7,277.6047904,1
1.49,0.008,35,0.5,58.34319527,1
1.32,0.008,43,9.68,72.93187348,1
1.32,0.007,47,7.84,77.95588235,1
1.32,0.008,51,5.76,42.33576642,1
1.32,0.009,35,15.12,142.7380952,1
1.32,0.01,30,14.56,209.15625,1
1.32,0.008,30,11.85,1151.782443,1
1.32,0.011,28,0,489.1586207,1
1.32,0.008,31,16.1,916.4186047,1
1.32,0.006,32,17.68,3188.64,3
1.32,0.009,34,14.88,1924.992366,2
1.32,0.008,30,0,600,3
1.32,0.011,32,18.46,1339.2,3
1.32,0.01,32,17.05,131.1818182,1
1.32,0.01,33,16.8,177.6567376,1
1.32,0.009,33,14.5,64.6119403,1
1.32,0.01,32,16.2,332.5,1
1.32,0.011,32,15.99,177.5033557,1
1.32,0.009,30,17.64,236.540404,1
1.32,0.009,30,17.52,514.5833333,1
1.32,0.01,27,19.21,105.0100671,1
1.32,0.01,29,11.84,309.12,1
1.3,0.008,40,5.85,30.55555556,1
1.3,0.009,51,2.88,42.27941176,1
1.3,0.006,38,8.1,32.88321168,1
1.3,0.007,36,9.79,43.35766423,1
1.3,0.006,48,4.69,23.50434783,1
1.3,0.005,53,2.95,8.913043478,1
1.3,0.007,40,8.19,26.30656934,1
1.3,0.006,47,4.76,24.16304348,1
1.3,0.005,52,3.54,13.36956522,1
1.3,0.007,37,12.06,47.5654321,1
1.3,0.007,33,18.04,67.89800995,1
1.3,0.006,39,11.07,47.21568627,1
1.3,0.005,31,19.36,36.39849624,1
1.3,0.005,31,15.73,61.71428571,1
1.3,0.004,28,18,46.28571429,1
1.3,0.006,41,7.92,52.42335766,1
1.3,0.005,49,3.24,13.08695652,1
1.33,0.007,28,22.26,141.1510791,1
1.33,0.008,31,16.64,242.7857143,1
1.33,0.008,34,8.52,328.7234043,1
1.33,0.007,32,13.72,260.5294118,1
1.33,0.007,27,26.32,39.24087591,1
1.33,0.007,22,34.08,214.5652174,1
1.33,0.007,34,15.73,68.74817518,1
1.33,0.007,36,16.4,52.25304136,1
1.33,0.007,43,8.96,44.47552448,2
1.33,0.008,48,4.08,21.70138889,2
1.33,0.006,40,10.08,49.76525822,1
1.33,0.006,34,15.95,51.56690141,1
1.33,0.005,33,16.44,62.31914894,1
1.33,0.006,35,8.14,92.76595745,1
1.36,0.007,42,10.16,56.41071429,1
1.36,0.008,36,16.1,62.73913043,1
1.36,0.007,47,7,44.18181818,1
1.36,0.008,37,15.7,46.71582734,1
1.36,0.006,53,2.95,7.909722222,1
1.36,0.007,54,2.8,7.855172414,1

1.36,0.007,43,3.57,143.1111111,1
1.44,0.008,48,7.14,50.13333333,1
1.44,0.008,48,6.84,53.67785235,1
1.49,0.009,42,20.5,1180.285714,1
1.49,0.009,39,14,1118.833333,1
1.49,0.006,61,2.08,12.24516129,2
1.49,0.005,63,1.84,11.30322581,2
1.49,0.007,62,2.2,13.18709677,2
1.49,0.006,61,2.24,11.45806452,2
1.49,0.008,55,3.2,10.83653846,1
1.49,0.008,59,2.75,14.23076923,1
1.44,0.006,51,3.6,46.41350211,1
1.44,0.004,45,6.16,126.6923077,1
1.44,0.006,50,3.18,36.39873418,1
1.44,0.008,32,10.56,210.3354978,1
1.44,0.007,33,8.47,214.8215054,1
1.43,0.008,28,11.62,423.8961039,1
1.43,0.005,22,20.7,332.1710526,1
1.44,0.005,34,12.24,236.9032258,1
1.44,0.004,33,12.48,397.3026316,1
1.44,0.006,40,8.88,121.3935484,1
1.44,0.007,38,12.06,93.81196581,1
1.44,0.006,40,7.92,126.2675159,1
1.44,0.008,26,22.1,137.7297297,1
1.45,0.004,45,5.18,47.67924528,1
1.45,0.006,48,4.41,47.38125,1
1.3,0.011,24,0,1542.252252,1
1.3,0.012,24,0,275.7324841,1
1.3,0.009,25,0,728.1763085,1
1.33,0.009,25,0,793.7777778,1
1.32,0.012,25,0,2346.308725,1
1.32,0.004,26,0,1611.59434,1
1.32,0.007,28,21.6,107.3333333,1
1.32,0.008,22,38.85,172.3880597,1
1.32,0.003,34,9.4,45.69760167,1
1.32,0.004,35,5.76,64.43697479,1
1.32,0.004,28,28.64,116.2403292,1
1.32,0.003,30,15.07,37.36296296,1
1.32,0.005,25,37.43,234.4736842,1
1.32,0.01,16,83.75,75.2238806,1
1.32,0.005,29,24,251.2835821,1
1.32,0.006,26,27,467.3636364,1
1.32,0.005,30,35.82,171.7789364,1
1.32,0.006,35,35.62,102.3540146,1
1.32,0.006,28,34.02,145.1537433,1
1.32,0.006,15,54.08,161.5384615,1
1.34,0.005,32,7.68,248.2755556,1
1.34,0.004,27,12.74,232.0592593,1
1.34,0.005,33,13.86,400.0980392,1
1.34,0.004,37,3.19,218.8235294,1
1.34,0.007,20,33.22,330.4836895,1
1.34,0.01,27,73.08,95.44927536,1
1.34,0.007,20,17.22,417.2335601,1
1.34,0.005,21,16.34,295.7130359,1
1.34,0.005,22,16.8,566.3622047,1
1.38,0.003,33,24.49,340.7990868,1
1.38,0.003,31,25.08,27.71223022,1
1.38,0.007,37,18.45,123.75,1

1.38,0.005,36,38.4,138.9375,2
1.38,0.004,19,39.16,80.76923077,1
1.38,0.003,32,48.64,159.0943396,2
1.38,0.002,18,72.24,163.8278146,1
1.4,0.006,42,15.54,197.0860927,2
1.4,0.004,48,8.55,65.72368421,2
1.37,0.004,62,8.32,66.73943662,1
1.33,0.003,64,9,57.69014085,1
1.34,0.004,65,2.99,123.3714286,1
1.44,0.001,65,8.91,265.2080537,1
1.36,0.004,63,11.52,38.26573427,1
1.33,0.004,65,4,123.3714286,1
1.35,0.003,65,10.4,59.0070922,1
1.37,0.001,64,13.11,76.53146853,1
1.33,0.003,65,2.97,63,1
1.44,0.001,65,6.12,358.2540748,1
1.44,0.002,66,1.02,662.1865889,1
1.42,0.003,66,1.6,495.9493151,1
1.42,0.002,66,0.99,669.5442177,1
1.42,0.003,66,1.05,800.7444121,1
1.42,0.001,64,1.6,390.337037,1
1.43,0.001,64,4.94,321.5100671,1
1.34,0.006,65,10.35,306.4963504,1
1.26,0.007,53,0.75,238,1
1.26,0.007,53,0.52,134.16,1
1.27,0.007,53,11.61,151.1942446,1
1.23,0.006,55,5.28,52.734375,1
1.23,0.003,55,2.31,70.3125,1
1.23,0.004,55,0,129.4874101,1
1.23,0.007,53,0,167.2328767,1
1.23,0.003,55,2.2,84.69202899,1
1.3,0.011,52,5.94,210.4355556,1
1.3,0.009,52,12.42,132.8627451,1
1.3,0.008,53,19.88,86.61764706,1
1.3,0.007,52,16.8,177.8666667,1
1.3,0.006,52,9.9,129.6470588,1
1.3,0.005,51,11.76,116.6823529,1
1.3,0.007,50,3.92,135.0555556,1
1.3,0.004,52,3.12,142.1979167,1
1.3,0.002,52,6.72,231.9080919,1
1.3,0.002,53,3.4,250.8774063,1
1.3,0.002,51,11.02,677.8571429,1
1.3,0.003,51,9.31,619.1964286,1
1.3,0.002,51,11.7,441.8723404,1
1.3,0.009,49,15.45,481.1586207,1
1.3,0.005,51,7.5,324.379562,1
1.3,0.006,52,0.51,927.1849148,1
1.3,0.004,51,6.72,572.25,1
1.32,0.009,55,0,1049.830986,1
1.32,0.01,56,0,808.057554,1
1.32,0.008,55,0,2054.695864,1
1.32,0.01,56,0,1392,1
1.32,0.011,58,0,972.9855372,1
1.14,0.008,65,4.6,19.72413793,1
1.14,0.009,65,6,42.20689655,1
1.14,0.008,64,6.1,43.10344828,1
1.14,0.008,64,6.2,44.82758621,1
1.14,0.008,65,5.8,20.22413793,1
1.14,0.007,61,21.06,250.25,1
1.06,0.009,62,17.78,288.8068966,1
1.06,0.01,63,8.46,71.89189189,1
1.06,0.01,63,8.1,71.89189189,1
1.06,0.011,63,6.9,50.89285714,1
1.06,0.01,63,7.44,45.80357143,1
1.06,0.009,64,6.24,18.21428571,1
1.06,0.006,64,8.82,236.8421053,1
1.1,0.007,62,10.62,135.4761062,1
1.1,0.006,61,9.72,300.5885886,1
1.1,0.007,63,8.72,260.5309735,1
1.1,0.005,64,9.54,194.0412979,1
1.1,0.005,64,7.2,52.5,1
1.1,0.002,65,10.23,353.5714286,1
1.1,0.008,63,13.6,825,1
1.1,0.009,63,13.68,851.0526316,1
1.1,0.006,64,10.71,282.4097771,1
1.1,0.003,64,10.88,210.8765432,1
1.1,0.007,63,4.32,623.5428571,1
1.1,0.009,63,4.86,709.1656184,1
1.1,0.008,64,11.76,343.5259259,1
1.1,0.009,64,11.66,614.9619921,1
1.1,0.009,64,12.24,524.3428571,1
1.1,0.006,68,0,451.5,3
1.1,0.009,68,0,504,3
1.1,0.007,68,0,650.8510638,3
1.1,0.002,68,0,554.0425532,3
1.1,0.005,67,0,1013.195876,3
1.1,0.006,68,0,451.5,3
1.37,0.007,53,0.81,207.2910702,1
1.37,0.007,54,13.44,233.3521886,1
1.37,0.006,56,0.96,456.8248447,1
1.37,0.003,56,0.42,585.6728778,1
1.37,0.003,57,0.36,294.9281278,1
1.37,0.003,57,0.72,347.4868062,1
1.37,0.003,56,0.88,667.1698113,1
1.37,0.003,58,2.89,287.7396022,1
1.37,0.006,57,12.16,384.9316456,1
1.37,0.006,56,11.36,540.5350318,1
1.37,0.005,58,8.1,1328.71,1
1.37,0.005,58,8.96,557.8490066,1
1.37,0.005,58,7.8,501.4,1
1.37,0.005,58,6.58,1203.36,1
1.37,0.004,57,8.68,555.2416107,1
1.37,0.005,57,9.52,740.3221477,1
1.37,0.005,59,9.8,184.2797203,1
1.37,0.004,58,7.68,360.9863014,1
1.37,0.004,56,5.72,360.9863014,1
1.37,0.004,57,7.08,363.4758621,1
1.37,0.005,56,3.69,106.2312925,1
1.31,0.003,67,0,101.0285714,3
1.31,0.004,60,1.89,146.25,1
1.31,0.004,57,2.4,137.3134328,1
1.31,0.002,53,5.76,95.33527697,1
1.31,0.003,53,0,277.4545455,1
1.31,0.004,55,0,375.1867612,1
1.31,0.004,55,4.56,214.8611111,1
1.31,0.004,55,5.32,188.7586207,1
1.31,0.004,55,5.4,221.5862069,1
1.31,0.003,54,4.62,145.7142857,1
1.31,0.002,54,7.95,159.5471331,1
1.31,0.004,54,6,190.0694444,1
1.31,0.005,54,4.32,198.3829787,1
1.31,0.006,52,3.64,196.9859155,1
1.31,0.007,52,3.36,143.2340426,1
1.34,0.006,53,1.62,295.2428571,1
1.34,0.006,56,1.6,171.1552795,1
1.34,0.006,57,2.7,206.4173913,1
1.34,0.007,59,3.78,225.9831933,1
1.34,0.009,64,5.7,477.9193548,3
1.34,0.012,60,0,841.4758751,1
1.34,0.01,60,10.23,502.5324675,1
1.34,0.01,60,0,495.4545455,1
1.34,0.01,61,4.07,358.0397351,1
1.34,0.011,62,5.4,318.7134503,1
1.34,0.009,60,5.88,591.9205298,1
1.34,0.007,59,6.24,329.4222222,1
1.34,0,55,2.16,284.4536424,1
1.34,0.007,61,7.08,252.3648649,1
1.34,0.007,61,6.6,182.9387755,1
1.34,0.007,62,5.39,182.9387755,1
1.34,0.006,62,5.39,163.7260274,1
1.34,0.006,63,3.8,271.0204082,1
1.34,0.003,63,2.25,278.7671233,1
1.34,0.006,60,0.55,375.0198675,1
1.34,0.006,59,0.72,496.1801325,1
1.34,0.008,59,0,515.8421053,1
1.34,0.009,57,0,638.474026,1
1.34,0.01,57,0,896.6193548,1
1.34,0.01,56,0,488.5875,1
1.34,0.008,55,0,553.2484076,1
1.34,0,63,0,1234.047619,3
1.34,0.002,62,0,2716.879545,3
1.34,0.001,60,0,1988,3
1.34,0.001,61,0,2139.945946,3
1.34,0.001,62,0,1877.854206,3
1.34,0,64,0,1094.176471,3
1.34,0,65,0,782.1980198,3
1.34,0,64,0,913.2075472,3
1.6,0.008,58,6.56,119.3842365,1
1.2,0.001,57,9.75,336.5798319,1
1.2,0.001,58,8.76,696.2711864,1
1.2,0.001,57,12,300.3327731,1
1.2,0.003,59,15.68,863.3060748,3
1.2,0.004,59,17.76,769.9033019,3
1.2,0.004,59,17.28,428.1869159,3
1.2,0.005,60,14.4,1061.285714,3
1.2,0.005,62,13.2,754.9009901,3
1.2,0.005,62,13.95,972.5127551,3
1.2,0.004,64,10.92,1030.053763,3
1.2,0.005,64,8.91,1389.078947,3
1.2,0.003,62,12.22,538.6782178,3
1.2,0.001,64,0,817.2390572,3
1.2,0.002,63,0,255.1633663,3
1.2,0.002,64,0,259.00875,3
1.2,0.005,64,0,301.6588235,3
1.2,0.004,63,0,234.5660377,3
1.2,0.004,62,7.41,291.84,3
1.2,0.005,64,0,297.7217822,3
1.21,0.003,58,13.35,199.0857143,1
1.21,0.004,58,14.28,285.8666667,1
1.21,0.002,57,21.76,192.5958188,1
1.21,0.004,57,18.33,325.7142857,1
1.21,0.001,55,19.18,183.9370079,1
1.21,0.001,54,16.83,192.5274725,1
1.21,0.004,56,17.22,373.2283465,1
1.21,0.002,56,19.6,342.144,1
1.21,0.002,56,21.76,324.1451613,1
1.21,0.005,55,19.08,207.7777778,1
1.21,0.004,56,5.7,425.6220472,1
1.21,0.005,56,4.68,351.12,1
1.21,0.006,58,4.32,386.9833333,1
1.21,0.002,61,9.8,429.9056604,3
1.21,0.004,66,13.44,986.4130435,3
1.21,0.003,67,0,1450.862069,3
1.21,0.005,66,0,1234.2,3
1.21,0.003,68,0,1915.609756,3
1.21,0.004,70,0,816.6455696,3
1.43,0.001,59,5.76,138.24,1
1.43,0.003,60,7.2,111.5533481,1
1.43,0.002,60,8.58,97.78186275,1
1.43,0.004,66,4.08,40.05517241,1
1.43,0.004,66,4,44.35862069,1

1.43,0.003,67,3.84,47.69655172,1
1.43,0.003,67,2.88,44.05479452,1
1.43,0.002,68,2.82,42.82758621,1
1.43,0.001,68,2.82,47.69655172,1
1.43,0.001,68,2.88,48.82191781,1
1.43,0.001,69,2.91,45.54794521,1
1.43,0.001,69,2.82,48.82191781,1
1.43,0.001,69,2.97,48.82191781,1
1.43,0.003,67,3.15,45.23809524,1
1.43,0.006,67,5.32,40.38095238,1
1.43,0.003,68,3.09,48.48979592,1
1.43,0.007,66,5.44,30.28571429,1
1.43,0.003,66,4.96,20.32876712,1
1.39,0.006,53,25.34,654.8210526,1
1.39,0.007,54,18.1,143.3513514,1
1.39,0.006,54,18.9,257.92,1
1.39,0.007,53,31.5,387.6377218,1
1.39,0.005,52,32,661.4068627,1
1.41,0.006,58,7.41,74.81632653,1
1.41,0.007,65,5.85,64.26845638,1

1.33,0.009,56,15.84,459.7122302,1
1.33,0.01,57,11.78,136.9285714,1
1.4,0.004,62,6.86,264.275,1
1.4,0.003,62,4.68,230.175,1
1.4,0.002,61,5.07,152.2321429,1
1.4,0.003,61,5.2,185.1515152,1
1.4,0.002,61,6.72,211.4685315,1
1.4,0.002,60,5.07,170.9090909,1
1.4,0.002,60,6.58,158.6013986,1
1.4,0.003,60,9.3,156.1232517,1
1.4,0.003,60,9.75,151.3996479,1
1.4,0.003,61,14,138.7762238,1
1.4,0.003,60,15.12,197.3049645,1
1.4,0.002,59,15.84,263.3191489,1
1.37,0.002,59,19.6,249.5508274,1
1.37,0.002,59,15.48,135.4212766,1
1.37,0.003,58,14.82,188.0479616,1
1.37,0.01,58,9.9,204.5796506,1
1.37,0.007,58,7.41,146.7607143,1
1.37,0.007,58,10.62,172.9078014,1
1.37,0.006,59,12.35,139.8857143,1
1.37,0.007,59,11.52,130.56,1
1.37,0.008,59,12.96,126.5632653,1
1.37,0.007,59,11.88,99.08571429,1
1.37,0.007,58,12.35,69.44680851,1
1.37,0.006,59,11.7,139.8857143,1
1.38,0.004,51,2.16,81.11111111,1
1.38,0.003,51,2.6,103.4166667,1
1.38,0.008,51,3.72,80.56306306,1
1.38,0.007,50,1.68,82.86486486,1
1.38,0.007,50,1.92,89.77027027,1
1.38,0.006,51,1.92,78.02181208,1
1.38,0.007,51,2.04,89.16778523,1
1.38,0.004,51,2.31,93.61521253,1
1.38,0.006,51,0.54,120.3624161,1
1.38,0.005,51,0.09,92.99111111,1
1.38,0.004,51,0.18,59.78,1
1.38,0.004,51,1.71,120.3624161,1
1.38,0.004,51,1.98,80.24161074,1
1.38,0,51,2.4,183.8389262,1
1.38,0.003,51,2.7,107.2393736,1
1.38,0.003,50,3.19,135.7905405,1
1.38,0.003,50,2.47,118.5081081,1
1.38,0.003,50,2.2,77.05945946,1
1.38,0,49,7.52,279.1724138,1
1.38,0.002,49,9.6,243.6413793,1
1.38,0.003,49,9.12,235.1111111,1
1.38,0.002,50,9.52,223.125,1
1.38,0.004,50,10.64,207.4119718,1
1.38,0.006,50,10.58,196.7142857,1
1.38,0.007,51,10.35,338.4172662,1
1.38,0.004,51,13,572.173913,1
1.38,0.004,51,13.92,189.7101449,1
1.38,0.005,50,14.4,267.3188406,1
1.38,0.006,52,6.24,566.2222222,1
1.38,0.009,60,0,504.5192308,3
1.38,0.009,57,1.82,971.6666667,3
1.38,0.009,57,1.75,900.5691057,3
1.38,0.01,58,3,471.5441176,3
1.39,0.006,58,8.05,63.46666667,1
1.39,0.007,58,4.05,56.51082251,1
1.39,0.005,58,5.1,81.45454545,1

1.41,0.008,58,4.74,73.16129032,1
1.41,0.008,58,5.1,71.15384615,1
1.41,0.007,58,5.76,86.67515924,1
1.41,0.008,58,5.46,144.4585987,1
1.41,0.008,57,5.95,230.7692308,1
1.41,0.008,57,5.67,157.9038462,1
1.39,0.011,55,5.04,669.9115646,1
1.39,0.01,54,3.52,993.7655172,1
1.39,0.009,52,15.3,583.68,1
1.39,0.009,53,11.2,774.5753425,1
1.39,0.01,51,0,445.0042553,1
1.39,0.008,50,15,333.2307692,1
1.39,0.008,50,20.3,474.6122449,1
1.39,0.008,50,21,301.7557047,1
1.39,0.009,50,12.06,312.5348101,1
1.3,0.014,57,0,1314.036885,1
1.3,0.014,59,0,552.173913,3
1.3,0.012,61,0,1049.130435,3
1.3,0.012,62,0,2186.862245,3
1.3,0.012,62,0,1986.774828,3
1.3,0.009,63,0,3633.185841,3
1.3,0.008,64,0,2192.1875,3
1.3,0.008,64,0,2441.22807,3
1.3,0.007,66,0,2033.796296,3
1.4,0.007,64,7.08,156.7723005,1
1.4,0.007,64,4.18,165.4666667,1
1.4,0.006,65,4.95,169.1586207,1
1.4,0.007,64,5.7,207,1
1.4,0.008,63,7.44,201.5151515,1
1.4,0.007,63,6.36,221.1188811,1
1.4,0.007,64,7.08,445.3521127,1
1.4,0.007,64,7.8,195.6595745,1
1.4,0.008,63,9.24,151.7021277,1
1.4,0.007,63,10.8,206.5140845,1
1.4,0.006,62,14.56,188.556338,1
1.4,0.004,63,11.83,206.3436563,1
1.4,0.006,63,14.25,420.7943262,1
1.4,0.005,62,11.25,417.8309859,1
1.4,0.005,63,9.72,424.9160671,1
1.4,0.005,63,9.72,501.8928571,1
1.4,0.006,62,0.72,146.4615385,3
1.4,0.005,63,6.8,334.6522556,1
1.4,0.008,64,8.32,225.7894737,1
1.33,0.005,57,3.9,186.75,1
1.33,0.009,58,3.12,228.25,1
1.33,0.007,60,2.42,817.4242424,1
1.33,0.006,60,0,311.25,1
1.33,0.009,61,0.25,307.6153846,1
1.33,0.008,61,0.29,115.0757576,1
1.33,0.009,63,0.24,137.9885496,1
1.33,0.009,63,1.15,128.3538462,1
1.33,0.009,63,1.1,256.7076923,1
1.33,0.008,62,1.1,216.5581395,1
1.33,0.007,62,4.83,162.8,1
1.33,0.006,62,3.36,632.0620155,1
1.33,0.005,62,3.2,726.5625,1
1.33,0.005,62,4.4,748.359375,1
1.33,0.006,60,11,618.3333333,3
1.33,0.006,62,7.98,977.5862069,3
1.33,0.005,61,11.5,964.0086207,3
1.33,0.005,60,22.68,541.682243,3
1.33,0.006,60,22.14,607.5,3
1.33,0.006,60,21.56,612.972973,3
1.33,0.006,60,29.45,487.8504673,3
1.33,0.007,60,0,442.6470588,3
1.33,0.01,60,0,972,3
1.33,0.012,60,0,1071.619048,3
1.33,0.01,60,0,1608.324324,3
1.33,0.01,60,0,1065.848544,3
1.33,0.01,61,0,929.7087379,3
1.33,0.009,60,0,835.2692308,3
1.33,0.009,61,0,1047.865546,3
1.33,0.004,63,0,1051.304348,3
1.33,0.009,63,0,2638.061856,3
1.33,0.008,62,0,1472.851852,3
1.33,0.01,61,0,1297.92,3
1.33,0.01,61,0,1301.592233,3
1.38,0.006,58,8.64,772.2580645,1
1.38,0.005,58,11.58,365.3333333,1
1.38,0.005,57,2.59,295.1552795,1
1.38,0.006,57,3.04,158.3266667,1
1.38,0.005,57,5.84,123.1385135,1
1.38,0.004,59,5.95,255.952381,1
1.38,0.005,59,6.4,148.2758621,1
1.38,0.005,59,6.16,85.90182648,1
1.38,0.004,60,5.39,257.7054795,1
1.38,0.003,60,5.92,255.952381,1
1.35,0.004,60,0.45,86.6031746,1
1.35,0.004,60,0.36,87.19634703,1
1.35,0.002,59,0.5,231.8630137,1
1.35,0.004,60,0.45,231.8630137,1
1.35,0.006,60,3.42,115.9315068,1

1.35,0.006,62,7.38,300.760274,1
1.35,0.008,63,7.6,231.7241379,1
1.35,0.002,63,7.92,272.951049,1
1.35,0.002,64,6.65,136.4755245,1
1.35,0.003,64,6.12,90.98368298,1
1.35,0.003,65,6.18,55.33916084,1
1.35,0.004,61,5.36,139.0344828,1
1.35,0.004,58,6,123.4693878,1
1.35,0.005,58,5.52,185.2040816,1
1.35,0.004,58,5.6,83.15296804,1
1.35,0.001,58,4.73,121.7172414,1
1.35,0,58,6.24,138.5559441,1
1.35,0.005,58,4.7,164.5981735,1
1.25,0.007,62,2.4,187.2137143,1
1.25,0.007,62,2.04,131.3227513,1
1.25,0.007,62,1.96,153.884,1
1.25,0.008,62,1.69,166.344086,1
1.25,0.007,62,3.04,162.4146982,1
1.25,0.009,63,2.72,316.6935484,1
1.25,0.009,62,1.87,235.008,1
1.25,0.008,62,2.21,151.869,1
1.25,0.008,62,7.68,288.7712,1
1.25,0.007,61,9.18,291.708,1
1.25,0.009,59,16.38,185,1
1.25,0.006,60,12.73,241.6935484,1
1.25,0.006,60,9.75,317.3333333,1
1.25,0.006,61,8.28,340.1142857,1
1.25,0.009,63,0.96,109.4017094,1
1.25,0.008,63,4.51,153.1623932,1
1.25,0.008,65,6.05,84.59130435,1
1.25,0.008,65,5.2,116.3130435,1
1.25,0.009,64,5.5,100.3965217,1
1.25,0.009,65,5.6,76.05797101,1
1.25,0.008,65,5.8,64.63054187,1
1.25,0.009,65,8.03,90.48275862,1
1.25,0.009,65,8.45,81.43448276,1
1.25,0.01,65,7.56,140,1
1.25,0.006,65,3.9,119.5884956,1
1.25,0.008,64,3.38,105.3684211,1
1.25,0.008,64,3.78,159.4513274,1
1.25,0.007,64,3.36,76.97368421,1
1.25,0.007,64,2.47,82.83185841,1
1.25,0.008,65,2.21,82.83185841,1
1.29,0.005,58,0,306.9714286,1
1.29,0.005,58,0,266.0516129,1
1.29,0.006,65,0,69.51819076,3
1.29,0.006,65,0,90.17857143,3
1.29,0.006,65,0,90.17857143,3
1.29,0.005,65,0,98.57357357,3
1.29,0.007,65,0,120.5357143,3
1.29,0.006,66,0,64.67889908,3
1.29,0.006,66,0,85.45454545,3
1.29,0.006,66,0,61.11111111,3
1.29,0.007,67,0,70.49399199,3
1.29,0.006,67,0,162.7570093,3
1.28,0.008,66,0,258.5863636,3
1.28,0.007,65,0,344.5657895,3
1.28,0.007,66,0,399.09375,3
1.28,0.007,65,0,341.5695652,3
1.28,0.007,65,0,364.3137931,3
1.28,0.008,64,0,303.0487805,1
1.28,0.007,64,0,163.6992,1
1.28,0.007,65,2.2,268.5354331,1
1.28,0.008,63,2.64,170.7506562,1
1.28,0.009,63,3,240.75,1
1.28,0.009,63,3.51,176,1
1.28,0.008,63,4.5,240,1
1.28,0.007,63,3.92,269.8914729,1
1.28,0.008,63,0,1298.745763,3

1.28,0.002,70,7.79,18.16793893,1

1.27,0.007,65,3.6,24.375,1
1.27,0.007,65,3.6,24.375,1
1.27,0.005,65,2.45,12.28346457,1
1.27,0.005,62,2.87,19.04761905,1
1.27,0.005,63,2.8,9.448818898,1
1.27,0.006,62,2.87,38.0952381,1
1.27,0.006,60,2.87,19.2,1
1.27,0.006,60,2.52,9.6,1
1.27,0.006,62,2,11.424,1
1.27,0.005,63,2,11.51612903,1
1.27,0.006,65,1.72,11.424,1
1.27,0.006,70,1.64,17,1
1.27,0.006,71,3.42,16.734375,1
1.27,0.005,66,3.28,35.90551181,1
1.3,0.008,65,2.21,36.52173913,1
1.3,0.004,67,1.1,21.91304348,1
1.3,0.002,66,1.2,18.26086957,1
1.3,0,67,1.08,36.25899281,1
1.3,0,67,2.52,46.33093525,1
1.3,0.005,69,2.94,36.8,1
1.3,0.001,70,3.08,111.6879433,1
1.3,0.001,71,2.66,112.4857143,1
1.3,0.005,70,3.01,111.6879433,1
1.3,0.001,71,2.8,111.6879433,1
1.3,0.001,72,4.32,111.6879433,1
1.3,0.001,72,3.96,56.24285714,1
1.3,0.001,73,3,57.19148936,1
1.3,0.001,75,3.24,38.4,1
1.3,0.001,74,6.5,38.4,1
1.3,0.005,73,6.38,25.17293233,1
1.3,0.006,72,3.9,51.11450382,1
1.3,0.008,73,2.94,25.75384615,1
1.28,0.006,76,3.23,20.98461538,1
1.28,0.006,78,2.88,25.75384615,1
1.33,0.006,74,5.07,7.693430657,2
1.33,0.006,78,1.05,10.52173913,1
1.33,0.006,79,1.55,9.562043796,1
1.33,0.005,78,2.08,12.52205882,1
1.33,0.005,78,2.88,13.28467153,1
1.33,0.005,77,3.96,16.13138686,1
1.33,0.004,76,4.24,16.13138686,1
1.33,0.003,77,4.64,32.26277372,1

1.33,0.004,75,2.88,48.25899281,1
1.33,0.007,75,2.68,24.1294964,1
1.33,0.005,75,2.82,12.15217391,1
1.33,0.006,73,5.12,19.15328467,1
1.33,0.005,72,5.25,8.029411765,1
1.33,0.005,70,4.05,10.11111111,1
1.33,0.008,69,3.6,14.51585821,1
1.33,0.007,68,3.9,14.51585821,1
1.33,0.008,70,5,26.19259259,1
1.36,0.009,78,1.84,8.661870504,1
1.36,0.009,79,1.02,9.28057554,1
1.36,0.008,78,2.84,19.51079137,1
1.36,0.006,74,7,32.56521739,1
1.36,0.008,67,9.68,33.08823529,1
1.36,0.008,67,10.07,49.63235294,1
1.36,0.008,64,6.6,399.9541985,1
1.36,0.009,63,4.18,562.1463415,1
1.36,0.006,63,11,400.4296875,1
1.36,0.008,67,7.05,39.58333333,1
1.37,0.007,81,2.52,25.86896552,1
1.4,0.006,83,1.08,9.04109589,1
1.4,0.004,80,0.44,33.82550336,1
1.4,0.008,79,2.55,44.46896552,1
1.4,0.006,79,3.5,56.04827586,1
1.4,0.007,79,3.84,44.46896552,1
1.4,0.005,77,4.2,39.76551724,1
1.4,0.007,79,1.44,27.03947368,2
1.4,0.007,78,2.84,30.01324503,2
1.4,0.007,79,2.44,45.40131579,2
1.4,0.006,78,2.8,37.51655629,2
1.42,0.008,74,2,33.88965517,1
